{
  "come": {
    "name": "come",
    "description": "Moves the bot to a player's position.",
    "permissions": [
      "owner"
    ],
    "aliases": [],
    "cooldown": 0
  },
  "help": {
    "name": "help",
    "description": "Show help information.",
    "permissions": [],
    "aliases": [],
    "cooldown": 0
  },
  "identify": {
    "name": "identify",
    "description": "Show your user ID, username, and permissions.",
    "permissions": [
      "owner"
    ],
    "aliases": [],
    "cooldown": 0
  },
  "position": {
    "name": "position",
    "description": "Display someone's position in the room.",
    "permissions": [
      "owner"
    ],
    "aliases": [
      "pos"
    ],
    "cooldown": 0
  },
  "reboot": {
    "name": "reboot",
    "description": "Restart the bot process.",
    "permissions": [
      "owner"
    ],
    "aliases": [],
    "cooldown": 0
  },
  "reload": {
    "name": "reload",
    "description": "Reload all commands and plugins.",
    "permissions": [
      "owner"
    ],
    "aliases": [],
    "cooldown": 0
  },
  "shutdown": {
    "name": "shutdown",
    "description": "Shut down the bot.",
    "permissions": [
      "owner"
    ],
    "aliases": [],
    "cooldown": 0
  },
  "summon": {
    "name": "summon",
    "description": "Teleport a player to your position.",
    "permissions": [
      "owner"
    ],
    "aliases": [],
    "cooldown": 0
  },
  "teleport": {
    "name": "teleport",
    "description": "Teleport a player to a specific position.",
    "permissions": [
      "owner"
    ],
    "aliases": [
      "tp"
    ],
    "cooldown": 0
  },
  "wallet": {
    "name": "wallet",
    "description": "Check the bot's wallet.",
    "permissions": [
      "owner"
    ],
    "aliases": [],
    "cooldown": 0
  },
  "follow": {
    "name": "follow",
    "description": "Make the bot follow a player.",
    "permissions": [
      "owner"
    ],
    "aliases": [],
    "cooldown": 0
  },
  "crash": {
    "name": "crash",
    "description": "Crash the bot (for testing purposes).",
    "permissions": [
      "owner"
    ],
    "aliases": [],
    "cooldown": 0
  },
  "spawn": {
    "name": "spawn",
    "description": "Set the bot's current position as the spawn point.",
    "permissions": [
      "owner"
    ],
    "aliases": [],
    "cooldown": 0
  },
  "move": {
    "name": "move",
    "description": "Move the bot to a named location.",
    "permissions": [
      "owner"
    ],
    "aliases": [],
    "cooldown": 0
  },
  "locations": {
    "name": "locations",
    "description": "Display, add or remove saved locations.",
    "permissions": [
      "owner"
    ],
    "aliases": [
      "loc",
      "locs"
    ],
    "cooldown": 0
  },
  "grant": {
    "name": "grant",
    "description": "Grant or revoke a role or permission to a user. Usage: !grant role|permission @username name / !revoke role|permission @username name",
    "permissions": [
      "owner"
    ],
    "aliases": [],
    "cooldown": 0
  },
  "revoke": {
    "name": "revoke",
    "description": "Revoke (remove) a role or permission from a user. Usage: !revoke role|permission @username name",
    "permissions": [
      "owner"
    ],
    "aliases": [],
    "cooldown": 0
  },
  "heart": {
    "name": "heart",
    "description": "Send a heart reaction to a user or all users in the room. Usage: !heart @user or !heart all",
    "permissions": [],
    "aliases": [],
    "cooldown": 0
  },
  "react": {
    "name": "react",
    "description": "Send a reaction to a user or all users in the room. Usage: !react <reaction> @user or !react <reaction> all. Supported reactions: clap, heart, thumbs, wave, wink.",
    "permissions": [],
    "aliases": [],
    "cooldown": 0
  },
  "clap": {
    "name": "clap",
    "description": "Send a clap reaction to one or more users, or all users in the room. Usage: !clap @user1 @user2 ... | !clap all",
    "permissions": [],
    "aliases": [],
    "cooldown": 0
  },
  "thumbs": {
    "name": "thumbs",
    "description": "Send a thumbs reaction to one or more users, or all users in the room. Usage: !thumbs @user1 @user2 ... | !thumbs all",
    "permissions": [],
    "aliases": [],
    "cooldown": 0
  },
  "wave": {
    "name": "wave",
    "description": "Send a wave reaction to one or more users, or all users in the room. Usage: !wave @user1 @user2 ... | !wave all",
    "permissions": [],
    "aliases": [],
    "cooldown": 0
  },
  "wink": {
    "name": "wink",
    "description": "Send a wink reaction to one or more users, or all users in the room. Usage: !wink @user1 @user2 ... | !wink all",
    "permissions": [],
    "aliases": [],
    "cooldown": 0
  },
  "emote": {
    "name": "emote",
    "description": "Play, list, save, update, remove, move, or show details for emotes. Usage: !emote <name|id|number> [loop] [interval] [all|@user ...] | !emote list | !emote save ... | !emote update ... | !emote remove ... | !emote details ... | !emote move ...",
    "permissions": [],
    "aliases": [],
    "cooldown": 0
  }
}