{
  "ask": {
    "name": "ask",
    "description": "Give the AI the question to answer.",
    "permissions": [],
    "aliases": [],
    "cooldown": 0,
    "is_package": true,
    "package": "packages/ask",
    "version": "0.0.1",
    "port": 5001
  },
  "blink": {
    "name": "blink",
    "description": "Make the user blink.",
    "permissions": [],
    "aliases": [],
    "cooldown": 0
  },
  "push": {
    "name": "push",
    "description": "Push a user away from you by a distance.",
    "permissions": [],
    "aliases": [],
    "cooldown": 0
  },
  "pull": {
    "name": "pull",
    "description": "Pull a user toward you by a distance.",
    "permissions": [],
    "aliases": [],
    "cooldown": 0
  },
  "randomtp": {
    "name": "randomtp",
    "description": "Randomly teleport a user in the room.",
    "permissions": [],
    "aliases": ["rtp"],
    "cooldown": 0
  },
  "swap": {
    "name": "swap",
    "description": "Swap the positions of two users.",
    "permissions": [],
    "aliases": [],
    "cooldown": 0
  },
  "stack": {
    "name": "stack",
    "description": "Stack users on top of each other.",
    "permissions": [],
    "aliases": [],
    "cooldown": 0
  },
  "line": {
    "name": "line",
    "description": "Arrange users in a line in a direction with spacing.",
    "permissions": [],
    "aliases": [],
    "cooldown": 0
  },
  "unstuck": {
    "name": "unstuck",
    "description": "Spread users out horizontally to unstuck them.",
    "permissions": [],
    "aliases": [],
    "cooldown": 0
  },
  "portals": {
    "name": "portals",
    "description": "Save or remove portal locations (room name to room ID mappings). Usage: !portals save <name> <room_id>, !portals remove <name>",
    "permissions": ["owner"],
    "aliases": [],
    "cooldown": 0
  },
  "use": {
    "name": "use",
    "description": "Move the bot to the specified entity's anchor 0. Usage: !use <entity_id>",
    "permissions": [],
    "aliases": [],
    "cooldown": 0
  },
  "entity": {
    "name": "entity",
    "description": "Save the entity id you are currently anchored to. Usage: !entity save <name>",
    "permissions": [],
    "aliases": [],
    "cooldown": 0
  },
  "entities": {
    "name": "entities",
    "description": "List all saved entity names and ids. Usage: !entities",
    "permissions": [],
    "aliases": [],
    "cooldown": 0
  },
  "wardrobe": {
    "name": "wardrobe",
    "description": "Manage and list saved outfits. Usage: !wardrobe, !wardrobe save <name>, !wardrobe remove <name>",
    "permissions": [],
    "aliases": [],
    "cooldown": 0
  },
  "tts": {
    "name": "tts",
    "description": "Text-to-speech functionality.",
    "permissions": [],
    "aliases": [],
    "cooldown": 0
  }
}
