{
    "users": {
        "6807a86ebcff1952758703b3": {
            "username": "dule98",
            "roles": [
                "owner"
            ],
            "extra_permissions": []
        },
        "60e4d156ade36479457a97de": {
            "username": "Semmey",
            "roles": [
                "owner"
            ],
            "extra_permissions": []
        },
        "6716f148931261715ef7aa02": {
            "username": "iioijasonlol",
            "roles": [
                "guest"
            ],
            "extra_permissions": []
        },
        "678d8a49fa40fcfd34d0221d": {
            "username": "Boogio",
            "roles": [
                "guest"
            ],
            "extra_permissions": []
        },
        "658780270141c6c8ed93835e": {
            "username": "teddy998",
            "roles": [
                "owner"
            ],
            "extra_permissions": []
        },
        "671075fe1e071926954b6e48": {
            "username": "sally169",
            "roles": [
                "guest"
            ],
            "extra_permissions": []
        },
        "6842ad3df264f61f73f4a823": {
            "username": "Franziska09",
            "roles": [
                "guest"
            ],
            "extra_permissions": []
        },
        "63e6743843e80a34aeec4805": {
            "username": "xEdenxux",
            "roles": [
                "guest"
            ],
            "extra_permissions": []
        },
        "64541381890c19cb59ee9dc6": {
            "username": "Xx_vampyrs_Xx",
            "roles": [
                "guest"
            ],
            "extra_permissions": []
        },
        "601d9e659fc98037e26e6667": {
            "username": "_Ocean._",
            "roles": [
                "guest"
            ],
            "extra_permissions": []
        }
    }
}