{
    "emotes_free": [
        {
            "name": "wave",
            "id": "emote-wave",
            "category": [
                "greetings"
            ],
            "interval": 5.0
        },
        {
            "name": "hello",
            "id": "emote-hello",
            "category": [
                "greetings"
            ],
            "interval": 3
        },
        {
            "name": "ghostfloat",
            "id": "emote-ghost-idle",
            "interval": 2.6,
            "category": [
                "ghost",
                "float",
                "creepy"
            ]
        },
        {
            "name": "annoyed",
            "id": "idle-loop-annoyed"
        },
        {
            "name": "irritated",
            "id": "idle-angry",
            "category": [
                "angry",
                "mood"
            ]
        },
        {
            "name": "ghostme",
            "id": "emote-ghost-idle",
            "category": [
                "ghost",
                "ghostme",
                "float"
            ],
            "interval": 2.6
        }
    ]
}