{
  "outfit": [
    {
      "id": "body-flesh",
      "type": "clothing",
      "amount": 1
    },
    {
      "id": "hair_front-n_octhrsupport2024halfgrabshort",
      "type": "clothing",
      "amount": 1
    },
    {
      "id": "hair_back-n_octhrsupport2024halfgrabshort",
      "type": "clothing",
      "amount": 1
    },
    {
      "id": "nose-n_octhrsupport2024blushednose",
      "type": "clothing",
      "amount": 1
    },
    {
      "id": "eyebrow-n_octhrsupport2024brashedbrows",
      "type": "clothing",
      "amount": 1
    },
    {
      "id": "mouth-n_octhrsupport2024sweetlips",
      "type": "clothing",
      "amount": 1
    },
    {
      "id": "shirt-n_octhrsupport2024pinkshirtnskirt",
      "type": "clothing",
      "amount": 1
    },
    {
      "id": "pants-n_junepicnicskypassudc2023picnicshorts",
      "type": "clothing",
      "amount": 1
    },
    {
      "id": "shoes-n_octhrsupport2024pinkplatformwhitepantys",
      "type": "clothing",
      "amount": 1
    },
    {
      "id": "eye-n_octhrsupport2024almond",
      "type": "clothing",
      "amount": 1
    },
    {
      "id": "freckle-n_registrationavatars2023contour",
      "type": "clothing",
      "amount": 1
    },
    {
      "id": "bag-n_emeralddaily2020thekitty",
      "type": "clothing",
      "amount": 1
    },
    {
      "id": "hat-n_octhrsupport2024pinkcap",
      "type": "clothing",
      "amount": 1
    }
  ],
  "saved_at": "2025-06-28T17:39:24.346625",
  "total_items": 13,
  "items_list": [
    "body-flesh",
    "hair_front-n_octhrsupport2024halfgrabshort",
    "hair_back-n_octhrsupport2024halfgrabshort",
    "nose-n_octhrsupport2024blushednose",
    "eyebrow-n_octhrsupport2024brashedbrows",
    "mouth-n_octhrsupport2024sweetlips",
    "shirt-n_octhrsupport2024pinkshirtnskirt",
    "pants-n_junepicnicskypassudc2023picnicshorts",
    "shoes-n_octhrsupport2024pinkplatformwhitepantys",
    "eye-n_octhrsupport2024almond",
    "freckle-n_registrationavatars2023contour",
    "bag-n_emeralddaily2020thekitty",
    "hat-n_octhrsupport2024pinkcap"
  ]
}