{
  "custom_durations": {
    "emote-superpose": 12.0,
    "emote-frog": 12.0,
    "emote-float": 14.0,
    "idle_singing": 7.0,
    "idle_relaxed": 7.0,
    "idle_layingdown": 8.0,
    "sit-idle-cute": 7.0,
    "emote-swordfight": 5.0,
    "emote-energyball": 7.0,
    "emote-cute": 5.5,
    "emote-teleporting": 10.9,
    "emote-telekinesis": 9.5,
    "emote-maniac": 5.0,
    "emote-embarrassed": 7.0,
    "emote-frustrated": 4.5,
    "emote-snake": 5.0,
    "emote-confused": 9.0,
    "emote-roll": 2.5,
    "emote-rofl": 6.0,
    "emote-superpunch": 3.0,
    "emote-superrun": 6.0,
    "emote-monster_fail": 5.0,
    "emote-peekaboo": 3.5,
    "emote-sumo": 10.0,
    "emote-charging": 7.0,
    "emote-proposing": 4.0,
    "emote-ropepull": 8.5,
    "emote-secrethandshake": 3.5,
    "emote-elbowbump": 3.5,
    "emote-hug": 3.0,
    "emote-hugyourself": 4.5,
    "emote-snowball": 5.0,
    "emote-hot": 3.9,
    "emote-snowangel": 5.9,
    "emote-curtsy": 2.0,
    "emote-fail2": 5.8,
    "emote-fail1": 5.5,
    "emote-boo": 3.5,
    "emote-wings": 12.5,
    "emote-model": 5.5,
    "emote-theatrical": 9.5,
    "emote-laughing2": 5.0,
    "emote-jetpack": 15.5,
    "emote-bunnyhop": 15.0,
    "emote-death": 0.5,
    "emote-disco": 4.0,
    "emote-cold": 3.5,
    "emote-handstand": 3.5,
    "emote-splitsdrop": 4.5,
    "emote-deathdrop": 3.0,
    "emote-heartshape": 6.0,
    "emote-greedy": 5.0,
    "emote-panic": 2.5,
    "emote-exasperated": 2.0,
    "emote-exasperatedb": 2.0,
    "emote-dab": 3.0,
    "emote-harlemshake": 9.0,
    "emote-gangnam": 15.0,
    "emote-tapdance": 11.0,
    "emote-robot": 7.8,
    "emote-rainbow": 4.0,
    "emote-nightfever": 5.0,
    "emote-laughing": 1.0,
    "emote-kiss": 2.0,
    "emote-judochop": 2.0,
    "emote-gordonshuffle": 8.0,
    "emote-zombierun": 9.5,
    "emote-astronaut": 12.6,
    "emote-punkguitar": 9.0,
    "emote-gravity": 6.4,
    "emote-fashionista": 5.5,
    "dance-tiktok10": 8.5,
    "dance-weird": 23.0,
    "dance-tiktok9": 11.0,
    "dance-shoppingcart": 4.0,
    "dance-zombie": 15.0,
    "dance-russian": 10.0,
    "dance-pennywise": 0.5,
    "dance-smoothwalk": 5.5,
    "dance-singleladies": 15.0,
    "dance-duckwalk": 10.0,
    "dance-aerobics": 6.5,
    "dance-icecream": 10.0,
    "idle-fighter": 10.0
  },
  "last_updated": 1750205693.6928284,
  "new_emotes": {
    "emoji-angry": 5.760023,
    "emote-bow": 3.344036,
    "idle-dance-casual": 9.079756,
    "emoji-celebrate": 3.412258,
    "emote-charging": 8.025079,
    "emote-confused": 8.578827,
    "emoji-cursing": 2.382069,
    "emote-curtsy": 2.425714,
    "emote-cutey": 3.26032,
    "emote-snake": 5.262578,
    "emote-cute": 6.170464,
    "emote-energyball": 7.575354,
    "idle-enthusiastic": 15.941537,
    "emote-fashionista": 5.606485,
    "idle-floating": 8.0,
    "emote-shy": 4.477567,
    "emote-tired": 4.61063,
    "dance-pinguin": 11.58291,
    "idle-guitar": 13.229398,
    "emote-stargazer": 7.320773,
    "emote-boxer": 5.555702,
    "dance-creepypuppet": 6.416121,
    "dance-anime": 8.46671,
    "emote-creepycute": 7.902453,
    "emote-headblowup": 11.667537,
    "emote-shy2": 4.989278,
    "emote-pose10": 3.989871,
    "emote-iceskating": 7.299156,
    "idle-wild": 26.0,
    "idle-nervous": 21.714221,
    "emote-timejump": 4.007305,
    "idle-toilet": 32.174447,
    "dance-jinglebell": 10.958832,
    "emote-hyped": 7.492423,
    "emote-sleigh": 11.333165,
    "emote-pose6": 5.375124,
    "dance-kawai": 10.290789,
    "dance-touch": 11.7,
    "sit-relaxed": 30.0,
    "emote-celebrationstep": 3.353703,
    "dance-employee": 8.0,
    "emote-launch": 9.4,
    "emote-cutesalute": 3.0,
    "dance-tiktok11": 11.0,
    "emote-gift": 5.0,
    "emote-pose9": 4.5,
    "emote-kissing-bound": 4.5,
    "dance-wild": 20.0,
    "idle_zombie": 28.754937,
    "idle_layingdown2": 21.546653,
    "idle-sleep": 22.620446,
    "idle-loop-tired": 21.959007,
    "idle-loop-tapdance": 6.261593,
    "idle-loop-shy": 16.47449,
    "idle-loop-sad": 6.052999,
    "idle-loop-happy": 18.798322,
    "idle-loop-annoyed": 17.058522,
    "idle-loop-aerobics": 8.507535,
    "idle-lookup": 22.339865,
    "idle-hero": 21.877099,
    "idle-floorsleeping2": 17.253372,
    "idle-floorsleeping": 13.935264,
    "idle-dance-swinging": 13.198551,
    "idle-dance-headbobbing": 25.367458,
    "idle-angry": 25.427848,
    "emote-wings": 13.134487,
    "emote-think": 3.691104,
    "emote-theatrical": 8.591869,
    "emote-tapdance": 11.057294,
    "emote-superrun": 6.273226,
    "emote-superpunch": 3.751054,
    "emote-sumo": 10.868834,
    "emote-suckthumb": 4.185944,
    "emote-splitsdrop": 4.46931,
    "emote-secrethandshake": 3.879024,
    "emote-ropepull": 8.769656,
    "emote-roll": 3.560517,
    "emote-rofl": 6.314731,
    "emote-robot": 7.607362,
    "emote-rainbow": 2.813373,
    "emote-proposing": 4.27888,
    "emote-peekaboo": 3.629867,
    "emote-peace": 5.755004,
    "emote-panic": 2.850966,
    "emote-ninjarun": 4.754721,
    "emote-nightfever": 5.488424,
    "emote-monster_fail": 4.632708,
    "emote-levelup": 6.0545,
    "emote-laughing2": 5.056641,
    "emote-kicking": 4.867992,
    "emote-jumpb": 3.584234,
    "emote-judochop": 2.427442,
    "emote-jetpack": 16.759457,
    "emote-hugyourself": 4.992751,
    "emote-hero": 4.996096,
    "emote-headball": 10.073119,
    "emote-harlemshake": 13.558597,
    "emote-happy": 3.483462,
    "emote-handstand": 4.015678,
    "emote-graceful": 3.7498,
    "emote-gordonshuffle": 8.052307,
    "emote-ghost-idle": 19.570492,
    "emote-gangnam": 7.275486,
    "emote-frollicking": 3.700665,
    "emote-fainting": 18.423499,
    "emote-fail2": 6.475972,
    "emote-fail1": 5.617942,
    "emote-exasperated": 2.367483,
    "emote-elbowbump": 3.799768,
    "emote-disco": 5.366973,
    "emote-disappear": 6.195985,
    "emote-deathdrop": 3.762728,
    "emote-death2": 4.855549,
    "emote-death": 6.615967,
    "emote-dab": 2.717871,
    "emote-cold": 3.664348,
    "emote-bunnyhop": 12.380685,
    "emote-boo": 4.501502,
    "emote-baseball": 7.254841,
    "emote-apart": 4.809542,
    "emoji-there": 2.059095,
    "emoji-sneeze": 2.996694,
    "emoji-smirking": 4.823158,
    "emoji-sick": 5.070367,
    "emoji-scared": 3.008487,
    "emoji-punch": 1.755783,
    "emoji-pray": 4.503179,
    "emoji-poop": 4.795735,
    "emoji-naughty": 4.277602,
    "emoji-mind-blown": 2.397167,
    "emoji-lying": 6.313748,
    "emoji-halo": 5.837754,
    "emoji-hadoken": 2.723709,
    "emoji-give-up": 5.407888,
    "emoji-dizzy": 4.053049,
    "emoji-clapping": 2.161757,
    "emoji-arrogance": 6.869441,
    "dance-voguehands": 9.150634,
    "dance-spiritual": 15.795092,
    "dance-smoothwalk": 6.690023,
    "dance-singleladies": 21.191372,
    "dance-robotic": 17.814959,
    "dance-orangejustice": 6.475263,
    "dance-metal": 15.076377,
    "dance-martial-artist": 13.284405,
    "dance-handsup": 22.283413,
    "dance-floss": 21.329661,
    "dance-duckwalk": 11.748784,
    "dance-breakdance": 17.623849,
    "dance-aerobics": 8.796402,
    "emote-attention": 4.401206,
    "emoji-ghost": 3.472759,
    "emote-heartshape": 6.232394,
    "emote-hug": 3.503262,
    "emote-lagughing": 1.125537,
    "emoji-eyeroll": 3.020264,
    "emote-embarrassed": 7.414283,
    "dance-sexy": 12.30883,
    "emote-puppet": 16.325823,
    "emote-zombierun": 9.182984,
    "emote-frustrated": 5.584622,
    "sit-open": 26.025963,
    "emote-stargaze": 1.127464,
    "emote-slap": 2.724945,
    "emote-kawaiigogo": 10.0,
    "idle-dance-tiktok7": 12.956484,
    "emote-shrink": 8.738784,
    "emote-exasperatedb": 2.722748,
    "emote-hearteyes": 4.034386,
    "emote-heartfingers": 4.001974,
    "emote-trampoline": 15.0,
    "emote-howl": 10.0,
    "idle-howl": 10.0
  }
}