{
  "moderators": [
    "VECTOR000",
    "Abu_Nasser_711_",
    "kim_impose",
    "NVuM_1",
    "ASDFGH2025",
    "Mayagghhj",
    "Siksaanku_masih_muda_",
    "s.zv",
    "omar12177",
    "Serro20",
    "R__Q._N",
    "Rosas97",
    "R.4l8",
    "Aboud_B52",
    "Abo_fla1",
    "LNA_4",
    "ramigamer0",
    "Abu_Jarrah",
    "Theta3",
    "iss__No__or",
    "BESHIR_______BSR",
    "Abu_Nasser_711"
  ],
  "room_moderators": [
    "682bc2bc9fb4dce9e7cd4bd1",
    "66f861da69bbdb490715313b",
    "657a06ae5f8a5ec3ff16ec1b",
    "67fa30fea5375d346a807036",
    "67d854b05c126220ddfb35ab",
    "66a8ffcc51e0c65d8e49af7f",
    "68121e4acd49278e2a23a0ba",
    "65d0ac73835ff62cd0c3a9fb",
    "68400f0c2fecbaf7a24d1ff0",
    "66d98887c03b0eb7e37f6090",
    "6815c7129681e46caa8dcbe2",
    "676af79b646378bdd015195e",
    "685d44e1839f856b6e8e0413",
    "66f09a55b62586460f376fa0",
    "677fe02b18b730ee88e5d586",
    "68153094a125c87d6b57ae8e",
    "6853bb3e58a46bd9023d3cc6",
    "68600dceead06d8cd561ee86"
  ],
  "room_owner": "67c3bc98254cfe3153de2285",
  "room_king": null,
  "room_queen": null,
  "updated_at": "2025-06-28T16:05:11.336169"
}