{
  "message": "هذا الملف يحتوي على السجل التاريخي لجميع من دخل الغرفة",
  "created_at": "2025-06-17T21:00:00.000000",
  "total_people": 0,
  "633c65a42d7c8af08f9762e6": {
    "username": "HetoldQusay",
    "first_visit": "2025-06-17T21:08:11.921341",
    "last_visit": "2025-06-26T13:40:10.991239",
    "visit_count": 4,
    "user_type": "visitor"
  },
  "64e3e48bc2e4faf4743600b7": {
    "username": "A.OPY",
    "first_visit": "2025-06-17T21:55:55.093162",
    "last_visit": "2025-06-17T22:56:32.716570",
    "visit_count": 8,
    "user_type": "moderator"
  },
  "68513863194ce971acd89462": {
    "username": "MOhAMD713",
    "first_visit": "2025-06-17T22:06:12.577091",
    "last_visit": "2025-06-17T22:10:48.426094",
    "visit_count": 3,
    "user_type": "user"
  },
  "6828f2c9170a155dbf4fd9ba": {
    "username": "hanon43",
    "first_visit": "2025-06-17T22:20:09.092592",
    "last_visit": "2025-06-17T22:21:13.219483",
    "visit_count": 3,
    "user_type": "user"
  },
  "6851e5db5be6ad8677bbf570": {
    "username": "adriyanos",
    "first_visit": "2025-06-17T23:35:10.004259",
    "last_visit": "2025-06-17T23:35:10.004259",
    "visit_count": 1,
    "user_type": "user"
  },
  "630f952a6c958524261dd130": {
    "username": "VECTOR000",
    "first_visit": "2025-06-18T22:07:46.069768",
    "last_visit": "2025-06-28T18:11:48.611397",
    "visit_count": 50,
    "user_type": "bot_developer"
  },
  "6638048d89234a5895a878df": {
    "username": "7b.k",
    "first_visit": "2025-06-18T22:10:28.195551",
    "last_visit": "2025-06-27T19:39:48.267116",
    "visit_count": 8,
    "user_type": "visitor"
  },
  "662ab6da8df7c9f420263090": {
    "username": "al______509",
    "first_visit": "2025-06-19T11:43:12.385541",
    "last_visit": "2025-06-21T13:05:24.801712",
    "visit_count": 5,
    "user_type": "visitor"
  },
  "68405a9510a56c4fe69a91e8": {
    "username": "AbundantDingbat",
    "first_visit": "2025-06-19T12:51:38.132984",
    "last_visit": "2025-06-19T12:52:15.559371",
    "visit_count": 1,
    "user_type": "visitor"
  },
  "68536e6558a46bd9023d1600": {
    "username": "DichondraHardiness",
    "first_visit": "2025-06-20T23:06:08.244070",
    "last_visit": "2025-06-20T23:07:33.155754",
    "visit_count": 1,
    "user_type": "visitor"
  },
  "6693a2ce6158839d5661814e": {
    "username": "cimapeter_",
    "first_visit": "2025-06-21T12:30:38.700161",
    "last_visit": "2025-06-21T12:32:43.022953",
    "visit_count": 1,
    "user_type": "visitor"
  },
  "684c48541189ac0bc5ff51aa": {
    "username": "PassablyLongitudinal",
    "first_visit": "2025-06-21T14:11:00.580197",
    "last_visit": "2025-06-21T14:11:00.580197",
    "visit_count": 1,
    "user_type": "visitor"
  },
  "60ed3d8365685032195fc2dc": {
    "username": "fjia",
    "first_visit": "2025-06-21T14:24:47.040625",
    "last_visit": "2025-06-21T14:52:09.217749",
    "visit_count": 4,
    "user_type": "visitor"
  },
  "6856c12649315b2be2a9189c": {
    "username": "ZAZA12162",
    "first_visit": "2025-06-21T14:37:07.882722",
    "last_visit": "2025-06-21T14:37:47.958897",
    "visit_count": 1,
    "user_type": "visitor"
  },
  "6839f7ae747ccc0c30268b89": {
    "username": "A__64",
    "first_visit": "2025-06-21T14:45:02.381238",
    "last_visit": "2025-06-27T21:26:56.883419",
    "visit_count": 5,
    "user_type": "visitor"
  },
  "6818e7a71176ee9c97d95bff": {
    "username": "tttt2012",
    "first_visit": "2025-06-21T15:33:16.603564",
    "last_visit": "2025-06-21T15:34:18.359472",
    "visit_count": 1,
    "user_type": "visitor"
  },
  "67c3bc98254cfe3153de2285": {
    "username": "Abu_Nasser_711_",
    "first_visit": "2025-06-22T23:31:56.184376",
    "last_visit": "2025-06-28T16:00:11.519796",
    "visit_count": 13,
    "user_type": "room_owner"
  },
  "6856ceae9185d7034a7a92fc": {
    "username": "Zezo127",
    "first_visit": "2025-06-22T23:31:56.215684",
    "last_visit": "2025-06-22T23:31:56.215684",
    "visit_count": 1,
    "user_type": "visitor"
  },
  "65d0ac73835ff62cd0c3a9fb": {
    "username": "Rosas97",
    "first_visit": "2025-06-22T23:31:56.244826",
    "last_visit": "2025-06-28T16:56:33.053067",
    "visit_count": 19,
    "user_type": "moderator_designer"
  },
  "66f861da69bbdb490715313b": {
    "username": "s.zv",
    "first_visit": "2025-06-22T23:31:56.279229",
    "last_visit": "2025-06-24T23:46:22.071543",
    "visit_count": 2,
    "user_type": "moderator"
  },
  "682972958cef89177f4cb0f0": {
    "username": "Ruqyyah1133",
    "first_visit": "2025-06-23T00:01:56.404600",
    "last_visit": "2025-06-28T16:07:14.648709",
    "visit_count": 12,
    "user_type": "visitor"
  },
  "67935aff66b55a458dd593ad": {
    "username": "A._n2",
    "first_visit": "2025-06-23T00:01:56.468975",
    "last_visit": "2025-06-24T23:15:58.911410",
    "visit_count": 2,
    "user_type": "visitor"
  },
  "67fe070945990a6fbcd32e4d": {
    "username": "itz._.Ahmed",
    "first_visit": "2025-06-23T10:34:58.650254",
    "last_visit": "2025-06-23T10:34:58.650254",
    "visit_count": 1,
    "user_type": "visitor"
  },
  "674a3bf1a9abff24dc1b95c1": {
    "username": "Noshaaa_",
    "first_visit": "2025-06-23T10:34:58.677229",
    "last_visit": "2025-06-23T11:53:14.567248",
    "visit_count": 1,
    "user_type": "visitor"
  },
  "67c3bafa822179288ba8ce9c": {
    "username": "Abu_Nasser_2",
    "first_visit": "2025-06-23T10:34:58.732592",
    "last_visit": "2025-06-23T11:35:12.279604",
    "visit_count": 1,
    "user_type": "visitor"
  },
  "685922b5a7ba0164bb8db98e": {
    "username": "TLN103",
    "first_visit": "2025-06-23T10:34:58.788117",
    "last_visit": "2025-06-23T10:34:58.788117",
    "visit_count": 1,
    "user_type": "visitor"
  },
  "653b77d6d2106f97a2aa19c3": {
    "username": "123Oslin",
    "first_visit": "2025-06-23T13:03:56.480987",
    "last_visit": "2025-06-27T16:56:04.274274",
    "visit_count": 3,
    "user_type": "visitor"
  },
  "66d98887c03b0eb7e37f6090": {
    "username": "Aboud_B52",
    "first_visit": "2025-06-23T13:03:56.510777",
    "last_visit": "2025-06-28T15:54:40.014264",
    "visit_count": 10,
    "user_type": "moderator"
  },
  "67b8b928618cb3424721cbf5": {
    "username": "HumblenessSale",
    "first_visit": "2025-06-23T13:03:56.539414",
    "last_visit": "2025-06-24T19:46:04.540419",
    "visit_count": 2,
    "user_type": "visitor"
  },
  "6829d5a8d8849d5694d0c482": {
    "username": "Sajjad_Ah2005",
    "first_visit": "2025-06-23T13:35:33.998426",
    "last_visit": "2025-06-24T19:46:17.949011",
    "visit_count": 2,
    "user_type": "visitor"
  },
  "6859439ba7ba0164bb8f8850": {
    "username": "vvv_12",
    "first_visit": "2025-06-23T13:35:34.026670",
    "last_visit": "2025-06-23T13:35:34.026670",
    "visit_count": 1,
    "user_type": "visitor"
  },
  "684e3b1224829a795a974471": {
    "username": "yafea_Vip_",
    "first_visit": "2025-06-23T13:35:34.053726",
    "last_visit": "2025-06-23T13:40:35.290605",
    "visit_count": 1,
    "user_type": "visitor"
  },
  "676af79b646378bdd015195e": {
    "username": "R.4l8",
    "first_visit": "2025-06-23T13:35:34.088544",
    "last_visit": "2025-06-28T18:00:00.900106",
    "visit_count": 18,
    "user_type": "moderator"
  },
  "682858edf81627337acf42be": {
    "username": "yay81111",
    "first_visit": "2025-06-23T13:35:34.118684",
    "last_visit": "2025-06-28T17:41:21.647294",
    "visit_count": 5,
    "user_type": "visitor"
  },
  "67337e4ffd9ca1071ff6b64b": {
    "username": "IRA_1q",
    "first_visit": "2025-06-23T13:35:34.192963",
    "last_visit": "2025-06-24T17:57:31.696809",
    "visit_count": 2,
    "user_type": "visitor"
  },
  "67d97d133b31629b681a5599": {
    "username": "omar_017",
    "first_visit": "2025-06-24T17:51:04.240817",
    "last_visit": "2025-06-24T17:51:36.042127",
    "visit_count": 1,
    "user_type": "visitor"
  },
  "62712e58e4a3e531804b9638": {
    "username": "A____md",
    "first_visit": "2025-06-24T17:53:32.484693",
    "last_visit": "2025-06-24T17:53:56.688545",
    "visit_count": 1,
    "user_type": "visitor"
  },
  "67d854b05c126220ddfb35ab": {
    "username": "ramigamer0",
    "first_visit": "2025-06-24T17:55:47.953646",
    "last_visit": "2025-06-28T18:02:06.940523",
    "visit_count": 12,
    "user_type": "moderator"
  },
  "673e6687571cdf9ba291f999": {
    "username": "Taqiyya1",
    "first_visit": "2025-06-24T17:57:07.190972",
    "last_visit": "2025-06-27T15:10:10.655335",
    "visit_count": 2,
    "user_type": "visitor"
  },
  "680577cff8442d7f271a6026": {
    "username": "T_.5",
    "first_visit": "2025-06-24T18:01:07.415504",
    "last_visit": "2025-06-24T18:31:43.594325",
    "visit_count": 3,
    "user_type": "visitor"
  },
  "65ff8daeaf5398a1a009b96f": {
    "username": "MALA__K123",
    "first_visit": "2025-06-24T18:01:45.231040",
    "last_visit": "2025-06-28T18:09:56.905151",
    "visit_count": 4,
    "user_type": "visitor"
  },
  "685ae3ae0793e2faa6e9f392": {
    "username": "NebulaLived",
    "first_visit": "2025-06-24T18:04:30.515520",
    "last_visit": "2025-06-24T18:06:18.660103",
    "visit_count": 1,
    "user_type": "visitor"
  },
  "68400f0c2fecbaf7a24d1ff0": {
    "username": "Abo_fla1",
    "first_visit": "2025-06-24T18:06:38.192851",
    "last_visit": "2025-06-28T18:15:40.487743",
    "visit_count": 13,
    "user_type": "moderator"
  },
  "682bc2bc9fb4dce9e7cd4bd1": {
    "username": "ASDFGH2025",
    "first_visit": "2025-06-24T18:08:30.305844",
    "last_visit": "2025-06-28T18:20:11.110023",
    "visit_count": 35,
    "user_type": "moderator"
  },
  "67a36892ab385159a13051f3": {
    "username": "soso_Sweet_",
    "first_visit": "2025-06-24T18:09:02.132832",
    "last_visit": "2025-06-24T18:10:10.734395",
    "visit_count": 1,
    "user_type": "visitor"
  },
  "65185facbedb7bd333ef3de4": {
    "username": "mahmmed20",
    "first_visit": "2025-06-24T18:09:19.146562",
    "last_visit": "2025-06-26T15:33:04.090003",
    "visit_count": 11,
    "user_type": "visitor"
  },
  "685ae86682a3738b8737fad8": {
    "username": "m._njo._",
    "first_visit": "2025-06-24T18:12:36.103134",
    "last_visit": "2025-06-24T19:55:28.157023",
    "visit_count": 3,
    "user_type": "visitor"
  },
  "6539f5aa816ead875f07b15d": {
    "username": "HSEN_3131",
    "first_visit": "2025-06-24T18:12:44.325459",
    "last_visit": "2025-06-27T16:47:14.595621",
    "visit_count": 3,
    "user_type": "visitor"
  },
  "6670b1b2dce6d02e5d2a23ab": {
    "username": "Killua_Zoldyck_sama1",
    "first_visit": "2025-06-24T18:16:00.050050",
    "last_visit": "2025-06-24T18:16:41.346937",
    "visit_count": 1,
    "user_type": "visitor"
  },
  "626d616df1dfe08262b2aeb1": {
    "username": "_____MU_____",
    "first_visit": "2025-06-24T18:22:12.213586",
    "last_visit": "2025-06-24T18:22:46.202070",
    "visit_count": 1,
    "user_type": "visitor"
  },
  "6851dc038e4dc252a45352b2": {
    "username": "E_lknas",
    "first_visit": "2025-06-24T18:22:19.580300",
    "last_visit": "2025-06-24T18:26:11.581063",
    "visit_count": 4,
    "user_type": "visitor"
  },
  "684cb2c90b11a8c4f2d16980": {
    "username": "TrustlessBill",
    "first_visit": "2025-06-24T18:26:39.623813",
    "last_visit": "2025-06-28T15:55:08.741597",
    "visit_count": 19,
    "user_type": "visitor"
  },
  "68121e4acd49278e2a23a0ba": {
    "username": "LNA_4",
    "first_visit": "2025-06-24T18:27:37.960684",
    "last_visit": "2025-06-28T18:09:35.612335",
    "visit_count": 10,
    "user_type": "moderator"
  },
  "65707278a9b23535d41d00e1": {
    "username": "M_OO_D",
    "first_visit": "2025-06-24T18:35:37.303666",
    "last_visit": "2025-06-24T18:35:37.303666",
    "visit_count": 1,
    "user_type": "visitor"
  },
  "685af94a438a74c68791b582": {
    "username": "abdo_f",
    "first_visit": "2025-06-24T19:30:04.151544",
    "last_visit": "2025-06-24T19:31:02.406788",
    "visit_count": 1,
    "user_type": "visitor"
  },
  "67b5f24f1ca6aa056c3ef41c": {
    "username": "Siksaanku_masih_muda_",
    "first_visit": "2025-06-24T19:42:15.723542",
    "last_visit": "2025-06-24T19:46:09.162827",
    "visit_count": 1,
    "user_type": "moderator"
  },
  "67bdc168e600b1deb7776013": {
    "username": "Abu_Nasser_",
    "first_visit": "2025-06-24T19:47:17.641389",
    "last_visit": "2025-06-24T19:48:46.727514",
    "visit_count": 1,
    "user_type": "visitor"
  },
  "659ed12096628e4246a3128d": {
    "username": "MHMD___007",
    "first_visit": "2025-06-24T19:48:50.711149",
    "last_visit": "2025-06-24T19:49:31.801149",
    "visit_count": 1,
    "user_type": "visitor"
  },
  "6835ea6ecf0e88ae71fb5e2b": {
    "username": "sugar_73",
    "first_visit": "2025-06-24T19:52:57.818322",
    "last_visit": "2025-06-24T19:52:57.818322",
    "visit_count": 1,
    "user_type": "visitor"
  },
  "67fa30fea5375d346a807036": {
    "username": "BESHIR_______BSR",
    "first_visit": "2025-06-24T19:59:33.543743",
    "last_visit": "2025-06-28T18:16:32.676726",
    "visit_count": 3,
    "user_type": "moderator_designer"
  },
  "62a2e111402c2a7341374742": {
    "username": "ehhgv",
    "first_visit": "2025-06-24T22:53:17.082350",
    "last_visit": "2025-06-24T23:28:12.352017",
    "visit_count": 3,
    "user_type": "visitor"
  },
  "6839dd30f99e57196a11d04e": {
    "username": "Voldemort_3",
    "first_visit": "2025-06-24T22:54:05.095916",
    "last_visit": "2025-06-24T22:54:05.095916",
    "visit_count": 1,
    "user_type": "visitor"
  },
  "6853f5c551eea27b442d9b87": {
    "username": "marslyn__xx17",
    "first_visit": "2025-06-24T22:55:26.858168",
    "last_visit": "2025-06-24T22:56:26.220660",
    "visit_count": 1,
    "user_type": "visitor"
  },
  "6399943ed5aceedc0063c17e": {
    "username": "adrteudi",
    "first_visit": "2025-06-24T22:57:52.222217",
    "last_visit": "2025-06-28T16:38:06.543855",
    "visit_count": 5,
    "user_type": "visitor"
  },
  "640225656a6fe69abf8ce127": {
    "username": "gull_10",
    "first_visit": "2025-06-24T23:04:39.883305",
    "last_visit": "2025-06-26T13:42:32.629305",
    "visit_count": 2,
    "user_type": "visitor"
  },
  "68374c9dd997af0ed5e4c883": {
    "username": "UrgePlow",
    "first_visit": "2025-06-24T23:04:47.689980",
    "last_visit": "2025-06-24T23:04:47.689980",
    "visit_count": 1,
    "user_type": "visitor"
  },
  "65fdecc7f538d94a36ba12a8": {
    "username": "cgbcv1538",
    "first_visit": "2025-06-24T23:06:53.322267",
    "last_visit": "2025-06-24T23:09:53.107602",
    "visit_count": 1,
    "user_type": "visitor"
  },
  "628bfa7d9279e593ca31597c": {
    "username": "ysameen",
    "first_visit": "2025-06-24T23:13:01.328245",
    "last_visit": "2025-06-26T23:42:41.067501",
    "visit_count": 2,
    "user_type": "visitor"
  },
  "685087f2d4cf51ba295f6f05": {
    "username": "AWYTE1",
    "first_visit": "2025-06-24T23:15:23.094193",
    "last_visit": "2025-06-24T23:15:23.094193",
    "visit_count": 1,
    "user_type": "visitor"
  },
  "654a8d7f4bc421572510f61b": {
    "username": "i_hate.u.818",
    "first_visit": "2025-06-24T23:15:23.761468",
    "last_visit": "2025-06-27T17:56:15.293726",
    "visit_count": 2,
    "user_type": "visitor"
  },
  "6850a999c579aa396c80a4d5": {
    "username": "Amer_1079",
    "first_visit": "2025-06-24T23:16:41.898324",
    "last_visit": "2025-06-24T23:18:52.419493",
    "visit_count": 2,
    "user_type": "visitor"
  },
  "685af8dea7ba0164bb9522e6": {
    "username": "PollsterLegibleo_13337",
    "first_visit": "2025-06-24T23:17:28.330790",
    "last_visit": "2025-06-24T23:17:28.330790",
    "visit_count": 1,
    "user_type": "visitor"
  },
  "685b2d64149ef4a25641fecb": {
    "username": "moon_i2",
    "first_visit": "2025-06-24T23:17:36.443653",
    "last_visit": "2025-06-24T23:25:41.497150",
    "visit_count": 1,
    "user_type": "visitor"
  },
  "673a6ceffdaf6dcee2b47666": {
    "username": "VIP._.Nova",
    "first_visit": "2025-06-24T23:17:37.463634",
    "last_visit": "2025-06-24T23:17:37.463634",
    "visit_count": 1,
    "user_type": "visitor"
  },
  "6858bb0e86240923812b7295": {
    "username": "Soobinahh",
    "first_visit": "2025-06-24T23:18:34.154762",
    "last_visit": "2025-06-24T23:28:46.029346",
    "visit_count": 2,
    "user_type": "visitor"
  },
  "67ba71cd0a14b502b9ab4194": {
    "username": "Millivolt_aphasia_",
    "first_visit": "2025-06-24T23:18:57.080691",
    "last_visit": "2025-06-24T23:21:06.159809",
    "visit_count": 1,
    "user_type": "visitor"
  },
  "685aea685223b35c97f3b267": {
    "username": "Unknown0ad",
    "first_visit": "2025-06-24T23:19:38.528970",
    "last_visit": "2025-06-24T23:28:29.657004",
    "visit_count": 1,
    "user_type": "visitor"
  },
  "685b0cdb2af239399797a6b0": {
    "username": "FashionedClamp",
    "first_visit": "2025-06-24T23:20:52.519252",
    "last_visit": "2025-06-24T23:27:22.824812",
    "visit_count": 1,
    "user_type": "visitor"
  },
  "640513489e535c3b316062a4": {
    "username": "ADAM__A_D_A__M",
    "first_visit": "2025-06-24T23:21:18.887635",
    "last_visit": "2025-06-26T15:29:47.465146",
    "visit_count": 2,
    "user_type": "visitor"
  },
  "683c555af5afc31d1bd9b8bb": {
    "username": "h_.01",
    "first_visit": "2025-06-24T23:26:30.522601",
    "last_visit": "2025-06-24T23:31:48.230307",
    "visit_count": 1,
    "user_type": "visitor"
  },
  "6392283d36c37c9dbc254e8e": {
    "username": "haent123",
    "first_visit": "2025-06-24T23:29:08.681765",
    "last_visit": "2025-06-24T23:29:23.123148",
    "visit_count": 1,
    "user_type": "visitor"
  },
  "6858a24d045cfdfa18beef27": {
    "username": "OrnithologistSpineless",
    "first_visit": "2025-06-24T23:32:22.270456",
    "last_visit": "2025-06-24T23:33:01.245023",
    "visit_count": 1,
    "user_type": "visitor"
  },
  "6852bf71e9951fa5264a77ee": {
    "username": "Sama1249",
    "first_visit": "2025-06-24T23:33:45.025928",
    "last_visit": "2025-06-24T23:33:45.025928",
    "visit_count": 1,
    "user_type": "visitor"
  },
  "66ba9a8ee15543699b067521": {
    "username": "sh._sh",
    "first_visit": "2025-06-24T23:40:55.673070",
    "last_visit": "2025-06-24T23:40:55.673070",
    "visit_count": 1,
    "user_type": "visitor"
  },
  "66e5acdb6854ab7ad7bf860f": {
    "username": "BashfulSyncretic",
    "first_visit": "2025-06-24T23:45:18.258471",
    "last_visit": "2025-06-24T23:45:18.258471",
    "visit_count": 1,
    "user_type": "visitor"
  },
  "644470c5a5e530be6266fdbb": {
    "username": "thehunter15623",
    "first_visit": "2025-06-24T23:51:28.716608",
    "last_visit": "2025-06-24T23:51:28.716608",
    "visit_count": 1,
    "user_type": "visitor"
  },
  "6840dedc576c2e65f24f159a": {
    "username": "maya__n",
    "first_visit": "2025-06-25T00:03:42.075754",
    "last_visit": "2025-06-25T00:03:42.075754",
    "visit_count": 1,
    "user_type": "visitor"
  },
  "685b1b1c5fd934de3780daa6": {
    "username": "Youcef_742",
    "first_visit": "2025-06-25T00:14:26.843669",
    "last_visit": "2025-06-25T00:36:28.587965",
    "visit_count": 2,
    "user_type": "visitor"
  },
  "685b4021438a74c68793e643": {
    "username": "hatfi",
    "first_visit": "2025-06-25T00:18:22.998219",
    "last_visit": "2025-06-25T00:18:22.998219",
    "visit_count": 1,
    "user_type": "visitor"
  },
  "68507c1196b930cb5e7b5dc8": {
    "username": "Sageda_kareem",
    "first_visit": "2025-06-25T00:22:41.166222",
    "last_visit": "2025-06-25T00:22:41.166222",
    "visit_count": 1,
    "user_type": "visitor"
  },
  "64850a75f82091718c4323a4": {
    "username": "zone_1",
    "first_visit": "2025-06-25T00:22:56.877669",
    "last_visit": "2025-06-25T00:22:56.877669",
    "visit_count": 1,
    "user_type": "visitor"
  },
  "66943525fef6c6229e295760": {
    "username": "nour_M8",
    "first_visit": "2025-06-25T00:25:06.469066",
    "last_visit": "2025-06-25T00:25:06.469066",
    "visit_count": 1,
    "user_type": "visitor"
  },
  "685b4296924da78b5f260ad9": {
    "username": "ROMARIO37",
    "first_visit": "2025-06-25T00:39:55.609818",
    "last_visit": "2025-06-25T00:39:55.609818",
    "visit_count": 1,
    "user_type": "visitor"
  },
  "68396d5b8dcd62ca62e0235f": {
    "username": "Ammar2.alyafie",
    "first_visit": "2025-06-25T09:26:38.790691",
    "last_visit": "2025-06-27T19:24:55.214014",
    "visit_count": 12,
    "user_type": "visitor"
  },
  "675a3269d2e7be7fa78c59f5": {
    "username": "A1.N1",
    "first_visit": "2025-06-25T13:23:05.600575",
    "last_visit": "2025-06-25T13:23:05.600575",
    "visit_count": 1,
    "user_type": "visitor"
  },
  "68586024d603e2c2e679100f": {
    "username": "haba35",
    "first_visit": "2025-06-25T13:32:51.115947",
    "last_visit": "2025-06-26T13:41:45.943951",
    "visit_count": 4,
    "user_type": "visitor"
  },
  "685acd840bd2517bb3402fe2": {
    "username": "mayor_10",
    "first_visit": "2025-06-25T13:36:37.329577",
    "last_visit": "2025-06-27T21:33:17.012497",
    "visit_count": 2,
    "user_type": "visitor"
  },
  "66a226f7a4d8134a51382fb3": {
    "username": "txt_w",
    "first_visit": "2025-06-25T13:43:57.155505",
    "last_visit": "2025-06-25T14:15:56.047358",
    "visit_count": 2,
    "user_type": "visitor"
  },
  "67ef2f87b03b684a2940d0c2": {
    "username": "wiam53",
    "first_visit": "2025-06-25T13:47:07.018520",
    "last_visit": "2025-06-25T13:47:07.018520",
    "visit_count": 1,
    "user_type": "visitor"
  },
  "6642697c9024ffe536e6bf64": {
    "username": "Adam5521",
    "first_visit": "2025-06-25T13:49:51.452880",
    "last_visit": "2025-06-27T17:42:13.475247",
    "visit_count": 6,
    "user_type": "visitor"
  },
  "67aa08c7b954f44556f00886": {
    "username": "ReaderStressor",
    "first_visit": "2025-06-25T13:49:55.998043",
    "last_visit": "2025-06-27T21:57:59.317980",
    "visit_count": 8,
    "user_type": "visitor"
  },
  "6815c7129681e46caa8dcbe2": {
    "username": "Serro20",
    "first_visit": "2025-06-25T13:51:01.942054",
    "last_visit": "2025-06-28T18:10:17.514618",
    "visit_count": 22,
    "user_type": "moderator"
  },
  "685bf33f5a96ce211da653ef": {
    "username": "cjudgbjgghhjk",
    "first_visit": "2025-06-25T13:51:29.433123",
    "last_visit": "2025-06-25T13:51:29.433123",
    "visit_count": 1,
    "user_type": "visitor"
  },
  "644d22cf48a599dfa96d1d90": {
    "username": "Ki_rin2896.W",
    "first_visit": "2025-06-25T14:15:43.691431",
    "last_visit": "2025-06-25T14:16:13.047490",
    "visit_count": 2,
    "user_type": "visitor"
  },
  "66f09a55b62586460f376fa0": {
    "username": "R__Q._N",
    "first_visit": "2025-06-25T14:19:13.628011",
    "last_visit": "2025-06-28T17:46:33.971806",
    "visit_count": 7,
    "user_type": "moderator"
  },
  "685c0d015fd934de3783fe23": {
    "username": "Zooe35",
    "first_visit": "2025-06-25T20:17:38.490637",
    "last_visit": "2025-06-25T20:31:19.356378",
    "visit_count": 2,
    "user_type": "visitor"
  },
  "66ed7cb8ae59cc19708a0db7": {
    "username": "SESO_7",
    "first_visit": "2025-06-25T20:17:39.797300",
    "last_visit": "2025-06-25T20:17:39.797300",
    "visit_count": 1,
    "user_type": "visitor"
  },
  "6701a58dc48dd94f77d3148d": {
    "username": "IndifferenceOverbid",
    "first_visit": "2025-06-25T20:17:43.746617",
    "last_visit": "2025-06-25T20:20:36.182537",
    "visit_count": 2,
    "user_type": "visitor"
  },
  "6859d69e0793e2faa6e5ab88": {
    "username": "Moon_301",
    "first_visit": "2025-06-25T20:17:51.360003",
    "last_visit": "2025-06-25T20:17:51.360003",
    "visit_count": 1,
    "user_type": "visitor"
  },
  "685b387b924da78b5f258606": {
    "username": "Kwin__",
    "first_visit": "2025-06-25T20:20:24.879762",
    "last_visit": "2025-06-27T16:47:57.459963",
    "visit_count": 2,
    "user_type": "visitor"
  },
  "683ed3210b5e62b4e5a96edb": {
    "username": "WreckageDemitasse",
    "first_visit": "2025-06-25T20:35:38.539990",
    "last_visit": "2025-06-28T18:18:58.352239",
    "visit_count": 20,
    "user_type": "visitor"
  },
  "682f4793b46d514a5d7095a0": {
    "username": "aDemyst2",
    "first_visit": "2025-06-25T20:36:19.893825",
    "last_visit": "2025-06-25T20:36:41.485293",
    "visit_count": 2,
    "user_type": "visitor"
  },
  "6586b2cafa60ae4ec567b7f7": {
    "username": "May.Qp",
    "first_visit": "2025-06-25T20:37:18.335426",
    "last_visit": "2025-06-25T20:37:18.335426",
    "visit_count": 1,
    "user_type": "visitor"
  },
  "6856eb31a1da91d392a4e756": {
    "username": "SA3F_5",
    "first_visit": "2025-06-25T20:43:02.355556",
    "last_visit": "2025-06-25T20:59:33.566998",
    "visit_count": 2,
    "user_type": "visitor"
  },
  "685c1ea31a82e5045a460323": {
    "username": "SA3F_1",
    "first_visit": "2025-06-25T20:43:03.580723",
    "last_visit": "2025-06-25T20:57:18.244172",
    "visit_count": 3,
    "user_type": "visitor"
  },
  "63b48b7e314ea63693db985a": {
    "username": "O8mo",
    "first_visit": "2025-06-25T20:49:00.926444",
    "last_visit": "2025-06-28T16:28:36.468868",
    "visit_count": 2,
    "user_type": "visitor"
  },
  "6848cace2e9042eecadc33d2": {
    "username": "Talin._.167",
    "first_visit": "2025-06-25T20:49:37.130551",
    "last_visit": "2025-06-25T20:49:37.130551",
    "visit_count": 1,
    "user_type": "visitor"
  },
  "67e76cb0bbd01b251a4d5d12": {
    "username": "motaz_13",
    "first_visit": "2025-06-25T20:51:47.798267",
    "last_visit": "2025-06-28T23:01:01.722201",
    "visit_count": 14,
    "user_type": "visitor"
  },
  "66a8ffcc51e0c65d8e49af7f": {
    "username": "omar12177",
    "first_visit": "2025-06-25T21:02:34.407243",
    "last_visit": "2025-06-27T18:34:50.053156",
    "visit_count": 3,
    "user_type": "moderator"
  },
  "68588a56c4365c88499a097a": {
    "username": "aliowl1",
    "first_visit": "2025-06-25T21:04:45.111551",
    "last_visit": "2025-06-25T21:04:45.111551",
    "visit_count": 1,
    "user_type": "visitor"
  },
  "64ced121a93fa365341ce8ec": {
    "username": "3Ibrahim3",
    "first_visit": "2025-06-25T23:43:10.626775",
    "last_visit": "2025-06-25T23:43:10.626775",
    "visit_count": 1,
    "user_type": "visitor"
  },
  "685aa45d18f7be3f9e20e9c3": {
    "username": "PatrollerCrosspiece",
    "first_visit": "2025-06-26T09:39:38.256207",
    "last_visit": "2025-06-26T09:39:38.256207",
    "visit_count": 1,
    "user_type": "visitor"
  },
  "6699ff0db36ac6613d154028": {
    "username": "MR_WOLF2",
    "first_visit": "2025-06-26T09:42:57.929182",
    "last_visit": "2025-06-27T22:07:50.539433",
    "visit_count": 3,
    "user_type": "visitor"
  },
  "65a9c88e6ab029de1d85479f": {
    "username": "inuw",
    "first_visit": "2025-06-26T09:43:38.567341",
    "last_visit": "2025-06-26T09:43:38.567341",
    "visit_count": 1,
    "user_type": "visitor"
  },
  "620ff5328de27d5bb0928a86": {
    "username": "Nawaf39",
    "first_visit": "2025-06-26T09:44:58.533987",
    "last_visit": "2025-06-26T09:44:58.533987",
    "visit_count": 1,
    "user_type": "visitor"
  },
  "681a83a5e75a0e79412ee47b": {
    "username": "AwakeHeedless",
    "first_visit": "2025-06-26T09:45:49.125162",
    "last_visit": "2025-06-27T19:29:24.265937",
    "visit_count": 8,
    "user_type": "visitor"
  },
  "62b1721a68eaa34d6d25dabd": {
    "username": "IBRO_IBRO",
    "first_visit": "2025-06-26T13:07:36.958466",
    "last_visit": "2025-06-26T13:07:36.958466",
    "visit_count": 1,
    "user_type": "visitor"
  },
  "685d44e1839f856b6e8e0413": {
    "username": "Abu_BOT",
    "first_visit": "2025-06-26T13:11:31.353019",
    "last_visit": "2025-06-26T13:11:31.353019",
    "visit_count": 1,
    "user_type": "moderator"
  },
  "67f91313d184fc5fb9306586": {
    "username": "marslyn__xx",
    "first_visit": "2025-06-26T13:21:38.415015",
    "last_visit": "2025-06-26T19:27:03.231677",
    "visit_count": 4,
    "user_type": "visitor"
  },
  "683c4f18f5afc31d1bd9b499": {
    "username": "stilla_o",
    "first_visit": "2025-06-26T13:22:48.361957",
    "last_visit": "2025-06-26T13:22:48.361957",
    "visit_count": 1,
    "user_type": "visitor"
  },
  "659e9cc817b5b0e325eecfcd": {
    "username": "ce2s",
    "first_visit": "2025-06-26T13:22:57.935004",
    "last_visit": "2025-06-26T13:22:57.935004",
    "visit_count": 1,
    "user_type": "visitor"
  },
  "685b5bcaf5ef55eb714ce623": {
    "username": "OveranxiousSorrowful",
    "first_visit": "2025-06-26T13:23:55.655951",
    "last_visit": "2025-06-26T13:23:55.655951",
    "visit_count": 1,
    "user_type": "visitor"
  },
  "68459e3c261601c540070630": {
    "username": "bivi14",
    "first_visit": "2025-06-26T13:25:05.761065",
    "last_visit": "2025-06-26T13:25:05.761065",
    "visit_count": 1,
    "user_type": "visitor"
  },
  "6806711e8fec9b8e4e2b1c0e": {
    "username": "Lana_292",
    "first_visit": "2025-06-26T13:31:17.163367",
    "last_visit": "2025-06-26T13:31:17.163367",
    "visit_count": 1,
    "user_type": "visitor"
  },
  "685af1335223b35c97f3b7cb": {
    "username": "SecularWinning",
    "first_visit": "2025-06-26T13:33:46.605626",
    "last_visit": "2025-06-26T13:39:06.233500",
    "visit_count": 2,
    "user_type": "visitor"
  },
  "685d491a70b9f4d9be491570": {
    "username": "BonefishBiographic",
    "first_visit": "2025-06-26T13:33:49.899452",
    "last_visit": "2025-06-26T13:33:49.899452",
    "visit_count": 1,
    "user_type": "visitor"
  },
  "684f0cfad7786ceffb94afc0": {
    "username": "AEO1021",
    "first_visit": "2025-06-26T13:37:08.130452",
    "last_visit": "2025-06-26T13:37:08.130452",
    "visit_count": 1,
    "user_type": "visitor"
  },
  "6807e930de6d011cc9990935": {
    "username": "S_T10",
    "first_visit": "2025-06-26T15:20:10.135518",
    "last_visit": "2025-06-27T17:58:43.977936",
    "visit_count": 2,
    "user_type": "visitor"
  },
  "685ce51d0461c13399e5ecb8": {
    "username": "names_9",
    "first_visit": "2025-06-26T15:20:51.339361",
    "last_visit": "2025-06-27T15:50:31.737578",
    "visit_count": 3,
    "user_type": "visitor"
  },
  "682f2ad282221938f3cab5d9": {
    "username": "E_H2",
    "first_visit": "2025-06-26T15:24:43.560784",
    "last_visit": "2025-06-26T15:26:30.918997",
    "visit_count": 2,
    "user_type": "visitor"
  },
  "63ce99574116f85a0e3aa905": {
    "username": "lozan_cute",
    "first_visit": "2025-06-26T15:26:59.455061",
    "last_visit": "2025-06-26T15:33:23.712665",
    "visit_count": 2,
    "user_type": "visitor"
  },
  "67645a650f8bad8478f2a46c": {
    "username": "u_y2",
    "first_visit": "2025-06-26T15:28:55.340752",
    "last_visit": "2025-06-27T19:12:43.389614",
    "visit_count": 3,
    "user_type": "visitor"
  },
  "685bc94f4e5d247efb36c766": {
    "username": "Il_ha_m1812",
    "first_visit": "2025-06-26T15:30:00.618734",
    "last_visit": "2025-06-26T15:30:00.618734",
    "visit_count": 1,
    "user_type": "visitor"
  },
  "6850730951c4dbccee0b88ab": {
    "username": "israehir2",
    "first_visit": "2025-06-26T19:28:11.326042",
    "last_visit": "2025-06-26T19:28:11.326042",
    "visit_count": 1,
    "user_type": "visitor"
  },
  "66cb0fdccb9b6b20fca1d6b6": {
    "username": "ZQR_",
    "first_visit": "2025-06-26T19:29:02.142939",
    "last_visit": "2025-06-26T19:29:02.142939",
    "visit_count": 1,
    "user_type": "visitor"
  },
  "684dfa521644780132b88671": {
    "username": "Kim_Marina_San7",
    "first_visit": "2025-06-26T23:40:38.437971",
    "last_visit": "2025-06-27T18:21:58.136893",
    "visit_count": 2,
    "user_type": "visitor"
  },
  "6144537f4514f13a8c0afa0e": {
    "username": "J_JO2",
    "first_visit": "2025-06-26T23:41:15.052953",
    "last_visit": "2025-06-26T23:41:15.052953",
    "visit_count": 1,
    "user_type": "visitor"
  },
  "6846a93a1bdabb222ddce082": {
    "username": "m.a.l.o.k.a.968",
    "first_visit": "2025-06-26T23:44:34.744819",
    "last_visit": "2025-06-26T23:44:34.744819",
    "visit_count": 1,
    "user_type": "visitor"
  },
  "64b282f0281c38af692a2fcb": {
    "username": "MD.6",
    "first_visit": "2025-06-26T23:46:54.921654",
    "last_visit": "2025-06-26T23:46:54.921654",
    "visit_count": 1,
    "user_type": "visitor"
  },
  "66bf4ab42d7d24dadabbbd4f": {
    "username": "malak__313",
    "first_visit": "2025-06-26T23:51:25.469706",
    "last_visit": "2025-06-27T00:10:57.051904",
    "visit_count": 2,
    "user_type": "visitor"
  },
  "66aa7ef4952127699b40030f": {
    "username": "Bons12",
    "first_visit": "2025-06-27T00:06:24.602435",
    "last_visit": "2025-06-27T16:49:38.508726",
    "visit_count": 2,
    "user_type": "visitor"
  },
  "685c900314f254ccb7be3e7c": {
    "username": "Zaid_njjaR5",
    "first_visit": "2025-06-27T00:11:29.288326",
    "last_visit": "2025-06-27T00:11:29.288326",
    "visit_count": 1,
    "user_type": "visitor"
  },
  "677fe02b18b730ee88e5d586": {
    "username": "Abu_Jarrah",
    "first_visit": "2025-06-27T15:10:01.248041",
    "last_visit": "2025-06-27T15:10:01.248041",
    "visit_count": 1,
    "user_type": "moderator"
  },
  "66df6cd9390e8bd9af99c332": {
    "username": "Fun181",
    "first_visit": "2025-06-27T15:15:38.371045",
    "last_visit": "2025-06-27T15:15:38.371045",
    "visit_count": 1,
    "user_type": "visitor"
  },
  "6727f4fd7dfd928092635237": {
    "username": "B_esso",
    "first_visit": "2025-06-27T15:25:45.103265",
    "last_visit": "2025-06-27T15:25:45.103265",
    "visit_count": 1,
    "user_type": "visitor"
  },
  "65e23ceda392d5bcc6430efb": {
    "username": "hx_3",
    "first_visit": "2025-06-27T15:41:56.081410",
    "last_visit": "2025-06-27T15:41:56.081410",
    "visit_count": 1,
    "user_type": "visitor"
  },
  "639448af2a38d13a02468f7c": {
    "username": "e8n_",
    "first_visit": "2025-06-27T15:45:31.141212",
    "last_visit": "2025-06-27T15:45:31.141212",
    "visit_count": 1,
    "user_type": "visitor"
  },
  "66c0c88d2d63a040f54cd974": {
    "username": "OSA._",
    "first_visit": "2025-06-27T15:47:50.973279",
    "last_visit": "2025-06-28T16:26:03.112651",
    "visit_count": 2,
    "user_type": "visitor"
  },
  "652d608a15a28eaca7631ceb": {
    "username": "meme418",
    "first_visit": "2025-06-27T16:31:46.538471",
    "last_visit": "2025-06-28T16:07:39.899448",
    "visit_count": 2,
    "user_type": "visitor"
  },
  "68153094a125c87d6b57ae8e": {
    "username": "Theta3",
    "first_visit": "2025-06-27T16:36:24.912991",
    "last_visit": "2025-06-28T16:48:57.950794",
    "visit_count": 2,
    "user_type": "moderator"
  },
  "66e7fe1a53ff604eabe39f4a": {
    "username": "Janooosch_",
    "first_visit": "2025-06-27T16:46:08.271898",
    "last_visit": "2025-06-27T21:58:23.507249",
    "visit_count": 7,
    "user_type": "visitor"
  },
  "62fcdf14d2042a25babc1a43": {
    "username": "ro1ro",
    "first_visit": "2025-06-27T16:47:34.937467",
    "last_visit": "2025-06-27T16:47:34.937467",
    "visit_count": 1,
    "user_type": "visitor"
  },
  "59eb14d4337a4e7c71260249": {
    "username": "abn.adlb1",
    "first_visit": "2025-06-27T16:53:44.226928",
    "last_visit": "2025-06-27T16:53:44.226928",
    "visit_count": 1,
    "user_type": "visitor"
  },
  "66e85ca2238ef6b54285893b": {
    "username": "bro_haitham",
    "first_visit": "2025-06-27T16:59:22.754084",
    "last_visit": "2025-06-27T22:05:18.404590",
    "visit_count": 10,
    "user_type": "visitor"
  },
  "6847c1c276c0315c09c3ac56": {
    "username": "ranim_25",
    "first_visit": "2025-06-27T17:12:57.399428",
    "last_visit": "2025-06-27T17:12:57.399428",
    "visit_count": 1,
    "user_type": "visitor"
  },
  "6814d855b595be2c21a417ac": {
    "username": "ShadowInconsolable",
    "first_visit": "2025-06-27T17:18:52.021493",
    "last_visit": "2025-06-27T17:18:52.021493",
    "visit_count": 1,
    "user_type": "visitor"
  },
  "685a9048a7ba0164bb94c84a": {
    "username": "PolyethyleneAffiliated",
    "first_visit": "2025-06-27T17:26:35.593096",
    "last_visit": "2025-06-27T17:26:35.593096",
    "visit_count": 1,
    "user_type": "visitor"
  },
  "6852214ebe53e9eaede490ad": {
    "username": "Byjh2",
    "first_visit": "2025-06-27T17:27:25.789769",
    "last_visit": "2025-06-27T17:27:25.789769",
    "visit_count": 1,
    "user_type": "visitor"
  },
  "683ed25929758027e6954a8e": {
    "username": "mariam9901",
    "first_visit": "2025-06-27T17:45:17.665936",
    "last_visit": "2025-06-28T18:07:43.286731",
    "visit_count": 4,
    "user_type": "visitor"
  },
  "6602f1ce5dbc159bdb7b715b": {
    "username": "TEAM__M__MAFAI",
    "first_visit": "2025-06-27T17:56:49.431499",
    "last_visit": "2025-06-27T18:28:35.510208",
    "visit_count": 2,
    "user_type": "visitor"
  },
  "666e300fae58562a9787a357": {
    "username": "xc73",
    "first_visit": "2025-06-27T17:59:27.391297",
    "last_visit": "2025-06-27T17:59:27.391297",
    "visit_count": 1,
    "user_type": "visitor"
  },
  "6853bb3e58a46bd9023d3cc6": {
    "username": "iss__No__or",
    "first_visit": "2025-06-27T18:03:51.407150",
    "last_visit": "2025-06-27T18:03:51.407150",
    "visit_count": 1,
    "user_type": "moderator"
  },
  "685ed11175bb5bec07fa59ef": {
    "username": "TopsailOutspreadnajmharith",
    "first_visit": "2025-06-27T18:08:25.504209",
    "last_visit": "2025-06-27T21:23:06.187785",
    "visit_count": 4,
    "user_type": "visitor"
  },
  "67a24b8dd73bc3234be29d92": {
    "username": "N__a14",
    "first_visit": "2025-06-27T18:11:09.917141",
    "last_visit": "2025-06-28T15:44:57.570369",
    "visit_count": 2,
    "user_type": "visitor"
  },
  "684337efc2acd977c22be0e7": {
    "username": "SH_.X",
    "first_visit": "2025-06-27T18:23:36.038190",
    "last_visit": "2025-06-27T18:23:36.038190",
    "visit_count": 1,
    "user_type": "visitor"
  },
  "656381e3e6ccfb17402f262c": {
    "username": "io_26",
    "first_visit": "2025-06-27T18:44:22.406825",
    "last_visit": "2025-06-27T18:48:46.492179",
    "visit_count": 2,
    "user_type": "visitor"
  },
  "682e68734510896f5b17df4a": {
    "username": "m_r_a_m___77",
    "first_visit": "2025-06-27T18:49:00.647582",
    "last_visit": "2025-06-28T17:09:34.867840",
    "visit_count": 6,
    "user_type": "visitor"
  },
  "6794bd7c6c0259ecabcf8fee": {
    "username": "T0KA_",
    "first_visit": "2025-06-27T19:04:19.301231",
    "last_visit": "2025-06-27T19:04:19.301231",
    "visit_count": 1,
    "user_type": "visitor"
  },
  "683c8401d0ca401b65666730": {
    "username": "samy_115",
    "first_visit": "2025-06-27T19:05:40.544258",
    "last_visit": "2025-06-28T18:08:35.828536",
    "visit_count": 4,
    "user_type": "visitor"
  },
  "6469f890544317fea636dee6": {
    "username": "AA_SF",
    "first_visit": "2025-06-27T19:09:12.744795",
    "last_visit": "2025-06-27T19:09:12.744795",
    "visit_count": 1,
    "user_type": "visitor"
  },
  "67750329d16667f49793f6b7": {
    "username": "SOSO.05",
    "first_visit": "2025-06-27T19:09:15.748354",
    "last_visit": "2025-06-27T19:09:15.748354",
    "visit_count": 1,
    "user_type": "visitor"
  },
  "6851518451c4dbccee0e2553": {
    "username": "ghf42",
    "first_visit": "2025-06-27T19:12:35.202155",
    "last_visit": "2025-06-27T19:12:35.202155",
    "visit_count": 1,
    "user_type": "visitor"
  },
  "6852062e5be6ad8677bd0346": {
    "username": "_NADER",
    "first_visit": "2025-06-27T19:14:56.514834",
    "last_visit": "2025-06-27T19:27:18.125415",
    "visit_count": 2,
    "user_type": "visitor"
  },
  "68597c7618f7be3f9e1d0eb5": {
    "username": "WorkshopHedged",
    "first_visit": "2025-06-27T19:22:23.119395",
    "last_visit": "2025-06-27T19:22:23.119395",
    "visit_count": 1,
    "user_type": "visitor"
  },
  "685ea25fead06d8cd55eb5c7": {
    "username": "LobuleFaithless",
    "first_visit": "2025-06-27T19:29:10.743340",
    "last_visit": "2025-06-27T19:29:10.743340",
    "visit_count": 1,
    "user_type": "visitor"
  },
  "679e19179d1ad49d23b4958a": {
    "username": "Mo717",
    "first_visit": "2025-06-27T19:32:10.008235",
    "last_visit": "2025-06-27T19:32:10.008235",
    "visit_count": 1,
    "user_type": "visitor"
  },
  "6839ff132b798e2192273768": {
    "username": "Rozan40",
    "first_visit": "2025-06-27T19:36:14.792578",
    "last_visit": "2025-06-27T19:36:14.792578",
    "visit_count": 1,
    "user_type": "visitor"
  },
  "64e88ac147d3aecad1341492": {
    "username": "_Gg7",
    "first_visit": "2025-06-27T19:36:36.734368",
    "last_visit": "2025-06-27T19:36:36.734368",
    "visit_count": 1,
    "user_type": "visitor"
  },
  "649ecc00842d07a04838275b": {
    "username": "_DRIP_991",
    "first_visit": "2025-06-27T21:01:46.051242",
    "last_visit": "2025-06-27T21:01:46.051242",
    "visit_count": 1,
    "user_type": "visitor"
  },
  "681ce92049f5553be734ce5f": {
    "username": "s_t14",
    "first_visit": "2025-06-27T21:01:47.766829",
    "last_visit": "2025-06-28T17:55:23.406142",
    "visit_count": 3,
    "user_type": "visitor"
  },
  "612ce69a2cd264dd7ac95269": {
    "username": "y_on",
    "first_visit": "2025-06-27T21:10:38.482638",
    "last_visit": "2025-06-27T21:10:38.482638",
    "visit_count": 1,
    "user_type": "visitor"
  },
  "65f51f31891d3f079b5257a5": {
    "username": "i7x3",
    "first_visit": "2025-06-27T21:13:46.973256",
    "last_visit": "2025-06-27T21:13:46.973256",
    "visit_count": 1,
    "user_type": "visitor"
  },
  "6859a45d3515bfc7e9d0f208": {
    "username": "StereoParenthood",
    "first_visit": "2025-06-27T21:20:05.033657",
    "last_visit": "2025-06-27T21:20:05.033657",
    "visit_count": 1,
    "user_type": "visitor"
  },
  "685f0b70b934607ee65ec0fd": {
    "username": "mahm32",
    "first_visit": "2025-06-27T21:32:46.409048",
    "last_visit": "2025-06-27T21:58:57.138934",
    "visit_count": 2,
    "user_type": "visitor"
  },
  "6837186705a122fffe9da226": {
    "username": "MusicologistSlick",
    "first_visit": "2025-06-27T21:36:31.021818",
    "last_visit": "2025-06-27T21:36:31.021818",
    "visit_count": 1,
    "user_type": "visitor"
  },
  "685efe9cead06d8cd55f0f6c": {
    "username": "Ahmed.252",
    "first_visit": "2025-06-27T22:12:15.137832",
    "last_visit": "2025-06-27T22:12:15.137832",
    "visit_count": 1,
    "user_type": "visitor"
  },
  "68600dceead06d8cd561ee86": {
    "username": "Abu_Nasser_711",
    "first_visit": "2025-06-28T15:45:06.180789",
    "last_visit": "2025-06-28T17:44:50.235633",
    "visit_count": 3,
    "user_type": "moderator_designer"
  },
  "679a1c2285c04f1a7e590463": {
    "username": "aaaaaaaa94",
    "first_visit": "2025-06-28T15:52:41.929496",
    "last_visit": "2025-06-28T17:00:59.392612",
    "visit_count": 3,
    "user_type": "visitor"
  },
  "67ef2a0dc54671a3541c15a3": {
    "username": "l_.mar",
    "first_visit": "2025-06-28T15:53:12.466765",
    "last_visit": "2025-06-28T15:53:12.466765",
    "visit_count": 1,
    "user_type": "visitor"
  },
  "65fb45bd78ecf9d1bf49c500": {
    "username": "Dana_1_2_",
    "first_visit": "2025-06-28T16:05:59.917584",
    "last_visit": "2025-06-28T16:05:59.917584",
    "visit_count": 1,
    "user_type": "visitor"
  },
  "679ba4cf283605dceb9e370a": {
    "username": "samr44",
    "first_visit": "2025-06-28T16:13:22.390766",
    "last_visit": "2025-06-28T16:19:55.518706",
    "visit_count": 2,
    "user_type": "visitor"
  },
  "675bd199f924fea61d90767c": {
    "username": "GXG26",
    "first_visit": "2025-06-28T16:26:15.463388",
    "last_visit": "2025-06-28T16:26:15.463388",
    "visit_count": 1,
    "user_type": "visitor"
  },
  "65c4a495561393db02e8afe3": {
    "username": "Hala__22",
    "first_visit": "2025-06-28T16:32:43.793648",
    "last_visit": "2025-06-28T16:32:43.793648",
    "visit_count": 1,
    "user_type": "visitor"
  },
  "63d3ec56c383e4c44974dd9a": {
    "username": "Hotbirk",
    "first_visit": "2025-06-28T16:37:39.363241",
    "last_visit": "2025-06-28T16:37:39.363241",
    "visit_count": 1,
    "user_type": "visitor"
  },
  "684f76e48612962838776799": {
    "username": "lamar1321",
    "first_visit": "2025-06-28T17:21:31.986699",
    "last_visit": "2025-06-28T17:21:31.986699",
    "visit_count": 1,
    "user_type": "visitor"
  },
  "685e640bc13cdc5545576447": {
    "username": "chawki_12",
    "first_visit": "2025-06-28T17:22:27.901015",
    "last_visit": "2025-06-28T17:22:27.901015",
    "visit_count": 1,
    "user_type": "visitor"
  },
  "686021bb466a0e05004394c9": {
    "username": "ImpostureRejoinder",
    "first_visit": "2025-06-28T17:26:04.038801",
    "last_visit": "2025-06-28T17:26:04.038801",
    "visit_count": 1,
    "user_type": "visitor"
  },
  "6399ed346077dab52779987b": {
    "username": "mariamkiii",
    "first_visit": "2025-06-28T17:38:31.480768",
    "last_visit": "2025-06-28T17:38:31.480768",
    "visit_count": 1,
    "user_type": "visitor"
  },
  "681775ae717d163fcb9e3b77": {
    "username": "L_L42",
    "first_visit": "2025-06-28T17:47:29.966318",
    "last_visit": "2025-06-28T17:50:50.606700",
    "visit_count": 2,
    "user_type": "visitor"
  },
  "68602a7ce000710ac5589b47": {
    "username": "LANA_o3",
    "first_visit": "2025-06-28T17:49:40.875922",
    "last_visit": "2025-06-28T17:49:40.875922",
    "visit_count": 1,
    "user_type": "visitor"
  },
  "652e610b4b6f924812f42686": {
    "username": "noo55d",
    "first_visit": "2025-06-28T17:58:00.561213",
    "last_visit": "2025-06-28T18:06:44.871464",
    "visit_count": 2,
    "user_type": "visitor"
  },
  "685de6c2ee03c781f7c16991": {
    "username": "I_am_addicted",
    "first_visit": "2025-06-28T18:04:39.004478",
    "last_visit": "2025-06-28T18:04:39.004478",
    "visit_count": 1,
    "user_type": "visitor"
  },
  "64c91428c5f84b415cb9e29d": {
    "username": "maykle56",
    "first_visit": "2025-06-28T22:53:07.025004",
    "last_visit": "2025-06-28T22:53:07.025004",
    "visit_count": 1,
    "user_type": "visitor"
  },
  "6843dcd3d638c0257d83803a": {
    "username": "rawan_8905",
    "first_visit": "2025-06-28T23:02:38.316937",
    "last_visit": "2025-06-28T23:02:38.316937",
    "visit_count": 1,
    "user_type": "visitor"
  }
}