{
  "welcome_responses": {
    "bot_developer": [
      "🌟 أهلاً وسهلاً بمطور البوت العظيم {username}! 👑",
      "🔥 مرحباً بالمبدع {username}، البوت في خدمتك! 💎",
      "⚡ أهلاً بك سيدي {username}، جاهز لتنفيذ أوامرك! 🚀"
    ],
    "moderator": [
      "👮‍♂️ أهلاً وسهلاً بالمشرف {username}! 🛡️",
      "🎖️ مرحباً بك {username}، شكراً لحفظ النظام! 💪",
      "⭐ أهلاً بالمشرف المحترم {username}! 🏆"
    ],
    "vip_user": [
      "💎 أهلاً وسهلاً بالعضو المميز {username}! ✨",
      "👑 مرحباً بك {username}، نورت المكان! 🌟",
      "🔥 أهلاً بالـVIP {username}! 💫"
    ],
    "room_moderator": [
      "🏠 أهلاً وسهلاً بمشرف الغرفة {username}! 🔨",
      "🛡️ مرحباً بك {username}، الغرفة في أيدٍ أمينة! 💪"
    ],
    "room_owner": [
      "👑 أهلاً وسهلاً بمالك الغرفة {username}! 🏰",
      "🌟 مرحباً بالملك {username}، شرفت المملكة! 👑"
    ],
    "room_king": [
      "👑 أهلاً وسهلاً بملك الغرفة {username}! 🦁",
      "🔥 مرحباً بالملك {username}، عاش الملك! 👑"
    ],
    "room_queen": [
      "👸 أهلاً وسهلاً بملكة الغرفة {username}! 🌹",
      "💎 مرحباً بالملكة {username}، نورتِ المملكة! 👑"
    ],
    "user": [
      "🤗 أهلاً وسهلاً بك {username}! 😊",
      "🌸 مرحباً بك {username}، نورت المكان! 🎉",
      "✨ أهلاً بك {username}، سعداء بوجودك معنا! 🌟"
    ],
    "visitor": [
      "👋 أهلاً وسهلاً بالزائر {username}! 🎊",
      "🌟 مرحباً بك {username}، أتمنى أن تستمتع! 😄",
      "🎉 أهلاً بك {username}، اعتبر نفسك في بيتك! 🏠"
    ]
  },
  "special_messages": {
    "first_visit": [
      "🎊 مرحباً بك لأول مرة {username}! نتمنى لك إقامة ممتعة! 🌟",
      "✨ أهلاً بالوجه الجديد {username}! سعداء بانضمامك إلينا! 🎉"
    ],
    "return_visit": [
      "🔄 أهلاً بعودتك {username}! اشتقنا إليك! 💕",
      "👋 مرحباً بك مجدداً {username}! سعداء برجوعك! 🎊"
    ],
    "frequent_visitor": [
      "⭐ أهلاً بالعضو المميز {username}! أنت من الوجوه المحبوبة هنا! 💎",
      "🏆 مرحباً بالزائر الدائم {username}! شكراً لوفائك! 🌟"
    ]
  },
  "reaction_messages": {
    "send_hearts": [
      "💕 قلوب من القلب لكل الأحباب! 💖",
      "❤️ حب وسلام للجميع! 💝",
      "💗 أرسل محبتي لكل من في الغرفة! 💘"
    ],
    "celebration": [
      "🎉 يلا نحتفل جميعاً! 🎊",
      "🥳 وقت الاحتفال! 🎈",
      "🎆 احتفال جماعي رائع! ✨"
    ]
  },
  "farewell_messages": {
    "bot_developer": [
      "👑 وداعاً سيدي {username}، في أمان الله! 🌟",
      "🔥 إلى اللقاء يا مطور البوت العظيم! 💎"
    ],
    "moderator": [
      "👮‍♂️ وداعاً أيها المشرف المحترم {username}! 🛡️",
      "⭐ في أمان الله يا {username}! 🏆"
    ],
    "user": [
      "👋 وداعاً {username}، نراك قريباً! 😊",
      "🌟 في أمان الله يا {username}! 💕"
    ]
  },
  "settings": {
    "welcome_enabled": true,
    "farewell_enabled": true,
    "random_selection": true,
    "use_emotes": true,
    "delay_between_messages": 2,
    "max_messages_per_user": 1
  }
}