{
  "70100453-8d5d-4cc0-be73-0ddc63fcece0": {
    "id": "70100453-8d5d-4cc0-be73-0ddc63fcece0",
    "name": "VECTOR000",
    "description": "",
    "outfit": [
      {
        "id": "body-flesh",
        "type": "clothing",
        "amount": 1
      },
      {
        "id": "hair_front-n_malenew27",
        "type": "clothing",
        "amount": 1
      },
      {
        "id": "hair_back-n_doodlekitchen2024tomshair",
        "type": "clothing",
        "amount": 1
      },
      {
        "id": "nose-n_01",
        "type": "clothing",
        "amount": 1
      },
      {
        "id": "eyebrow-n_dailyquest2024cutbrows",
        "type": "clothing",
        "amount": 1
      },
      {
        "id": "mouth-n_aprilfoolsinvisible2020mouth",
        "type": "clothing",
        "amount": 1
      },
      {
        "id": "face_hair-n_newbasicfacehairupper14",
        "type": "clothing",
        "amount": 1
      },
      {
        "id": "shirt-n_goldilocksgrab2021tatteredsweater",
        "type": "clothing",
        "amount": 1
      },
      {
        "id": "pants-n_dailyquest2024khakipants",
        "type": "clothing",
        "amount": 1
      },
      {
        "id": "shoes-n_chaseitems2024sneakersallwhite",
        "type": "clothing",
        "amount": 1
      },
      {
        "id": "handbag-n_cartooncutiesskypass2022greenball",
        "type": "clothing",
        "amount": 1
      },
      {
        "id": "eye-n_costumepartyllludcgrabone2024jbrionneeye",
        "type": "clothing",
        "amount": 1
      },
      {
        "id": "hat-n_dailyquest2025kireyloveglasses",
        "type": "clothing",
        "amount": 1
      },
      {
        "id": "freckle-n_registrationavatars2023contour",
        "type": "clothing",
        "amount": 1
      },
      {
        "id": "bag-n_pastelwitchskypass2022cat",
        "type": "clothing",
        "amount": 1
      }
    ],
    "saved_at": "2025-06-26T23:55:28.302230",
    "total_items": 15,
    "items_list": [
      "body-flesh",
      "hair_front-n_malenew27",
      "hair_back-n_doodlekitchen2024tomshair",
      "nose-n_01",
      "eyebrow-n_dailyquest2024cutbrows",
      "mouth-n_aprilfoolsinvisible2020mouth",
      "face_hair-n_newbasicfacehairupper14",
      "shirt-n_goldilocksgrab2021tatteredsweater",
      "pants-n_dailyquest2024khakipants",
      "shoes-n_chaseitems2024sneakersallwhite",
      "handbag-n_cartooncutiesskypass2022greenball",
      "eye-n_costumepartyllludcgrabone2024jbrionneeye",
      "hat-n_dailyquest2025kireyloveglasses",
      "freckle-n_registrationavatars2023contour",
      "bag-n_pastelwitchskypass2022cat"
    ]
  },
  "80ae23bb-5df8-4dd8-baef-c4cd130783cb": {
    "id": "80ae23bb-5df8-4dd8-baef-c4cd130783cb",
    "name": "بطة",
    "description": "المصمم : علاء",
    "outfit": [
      {
        "id": "body-flesh",
        "type": "clothing",
        "amount": 1
      },
      {
        "id": "hair_front-n_basic2018sidebangspulledback",
        "type": "clothing",
        "amount": 1
      },
      {
        "id": "hair_back-n_moicdonatesprinkleswimweargrab2023sprinkletails",
        "type": "clothing",
        "amount": 1
      },
      {
        "id": "nose-n_01",
        "type": "clothing",
        "amount": 1
      },
      {
        "id": "eyebrow-n_basic2018newbrows03",
        "type": "clothing",
        "amount": 1
      },
      {
        "id": "mouth-n_11",
        "type": "clothing",
        "amount": 1
      },
      {
        "id": "shirt-n_duckdailyrewards2018ducktop",
        "type": "clothing",
        "amount": 1
      },
      {
        "id": "pants-n_aprilfoolsinvisible2020pants",
        "type": "clothing",
        "amount": 1
      },
      {
        "id": "shoes-n_chaseitems2024sneakersallwhite",
        "type": "clothing",
        "amount": 1
      },
      {
        "id": "eye-n_basic2018butterflyeyes",
        "type": "clothing",
        "amount": 1
      },
      {
        "id": "freckle-n_registrationavatars2023contour",
        "type": "clothing",
        "amount": 1
      },
      {
        "id": "bag-n_pastelwitchskypass2022cat",
        "type": "clothing",
        "amount": 1
      },
      {
        "id": "hat-n_duckdailyrewards2018hoodiehat_1",
        "type": "clothing",
        "amount": 1
      }
    ],
    "saved_at": "2025-06-27T17:35:45.989360",
    "total_items": 13,
    "items_list": [
      "body-flesh",
      "hair_front-n_basic2018sidebangspulledback",
      "hair_back-n_moicdonatesprinkleswimweargrab2023sprinkletails",
      "nose-n_01",
      "eyebrow-n_basic2018newbrows03",
      "mouth-n_11",
      "shirt-n_duckdailyrewards2018ducktop",
      "pants-n_aprilfoolsinvisible2020pants",
      "shoes-n_chaseitems2024sneakersallwhite",
      "eye-n_basic2018butterflyeyes",
      "freckle-n_registrationavatars2023contour",
      "bag-n_pastelwitchskypass2022cat",
      "hat-n_duckdailyrewards2018hoodiehat_1"
    ]
  },
  "db343912-04f4-4510-bf24-9c927e275083": {
    "id": "db343912-04f4-4510-bf24-9c927e275083",
    "name": "معزة",
    "description": "المصمم : علاء",
    "outfit": [
      {
        "id": "body-flesh",
        "type": "clothing",
        "amount": 1
      },
      {
        "id": "hair_front-n_malenew27",
        "type": "clothing",
        "amount": 1
      },
      {
        "id": "hair_back-n_spacerunnerup19moonhair",
        "type": "clothing",
        "amount": 1
      },
      {
        "id": "nose-n_01",
        "type": "clothing",
        "amount": 1
      },
      {
        "id": "eyebrow-n_dailyquest2024cutbrows",
        "type": "clothing",
        "amount": 1
      },
      {
        "id": "mouth-n_aprilfoolsinvisible2020mouth",
        "type": "clothing",
        "amount": 1
      },
      {
        "id": "face_hair-n_newbasicfacehairupper14",
        "type": "clothing",
        "amount": 1
      },
      {
        "id": "shirt-n_farmanimal2019goatinacoat",
        "type": "clothing",
        "amount": 1
      },
      {
        "id": "pants-n_farmanimal2019goatpants",
        "type": "clothing",
        "amount": 1
      },
      {
        "id": "shoes-n_chaseitems2024sneakersallwhite",
        "type": "clothing",
        "amount": 1
      },
      {
        "id": "handbag-n_JanuaryDailyReward2021BerryBear",
        "type": "clothing",
        "amount": 1
      },
      {
        "id": "eye-n_costumepartyllludcgrabone2024jbrionneeye",
        "type": "clothing",
        "amount": 1
      },
      {
        "id": "hat-n_farmanimal2019hornyhood_1",
        "type": "clothing",
        "amount": 1
      },
      {
        "id": "freckle-n_registrationavatars2023contour",
        "type": "clothing",
        "amount": 1
      },
      {
        "id": "bag-n_pastelwitchskypass2022cat",
        "type": "clothing",
        "amount": 1
      }
    ],
    "saved_at": "2025-06-27T19:20:50.123286",
    "total_items": 15,
    "items_list": [
      "body-flesh",
      "hair_front-n_malenew27",
      "hair_back-n_spacerunnerup19moonhair",
      "nose-n_01",
      "eyebrow-n_dailyquest2024cutbrows",
      "mouth-n_aprilfoolsinvisible2020mouth",
      "face_hair-n_newbasicfacehairupper14",
      "shirt-n_farmanimal2019goatinacoat",
      "pants-n_farmanimal2019goatpants",
      "shoes-n_chaseitems2024sneakersallwhite",
      "handbag-n_JanuaryDailyReward2021BerryBear",
      "eye-n_costumepartyllludcgrabone2024jbrionneeye",
      "hat-n_farmanimal2019hornyhood_1",
      "freckle-n_registrationavatars2023contour",
      "bag-n_pastelwitchskypass2022cat"
    ]
  },
  "8d632ba5-6f82-4f3e-98f0-391a4c64d6ca": {
    "id": "8d632ba5-6f82-4f3e-98f0-391a4c64d6ca",
    "name": "بدله فضاء",
    "description": "المصمم : عبدالله",
    "outfit": [
      {
        "id": "body-flesh",
        "type": "clothing",
        "amount": 1
      },
      {
        "id": "hair_front-n_malenew27",
        "type": "clothing",
        "amount": 1
      },
      {
        "id": "hair_back-n_spacerunnerup19moonhair",
        "type": "clothing",
        "amount": 1
      },
      {
        "id": "nose-n_01",
        "type": "clothing",
        "amount": 1
      },
      {
        "id": "eyebrow-n_dailyquest2024cutbrows",
        "type": "clothing",
        "amount": 1
      },
      {
        "id": "mouth-f_01",
        "type": "clothing",
        "amount": 1
      },
      {
        "id": "face_hair-n_newbasicfacehairupper14",
        "type": "clothing",
        "amount": 1
      },
      {
        "id": "shirt-n_astronautgrab2019spacesuit",
        "type": "clothing",
        "amount": 1
      },
      {
        "id": "pants-n_astronautgrab2019spacepants",
        "type": "clothing",
        "amount": 1
      },
      {
        "id": "shoes-n_astronautgrab2019spaceshoes",
        "type": "clothing",
        "amount": 1
      },
      {
        "id": "eye-n_costumepartyllludcgrabone2024jbrionneeye",
        "type": "clothing",
        "amount": 1
      },
      {
        "id": "freckle-n_registrationavatars2023contour",
        "type": "clothing",
        "amount": 1
      },
      {
        "id": "hat-n_astronautgrab2019nasahelmet_3",
        "type": "clothing",
        "amount": 1
      }
    ],
    "saved_at": "2025-06-27T21:20:58.778445",
    "total_items": 13,
    "items_list": [
      "body-flesh",
      "hair_front-n_malenew27",
      "hair_back-n_spacerunnerup19moonhair",
      "nose-n_01",
      "eyebrow-n_dailyquest2024cutbrows",
      "mouth-f_01",
      "face_hair-n_newbasicfacehairupper14",
      "shirt-n_astronautgrab2019spacesuit",
      "pants-n_astronautgrab2019spacepants",
      "shoes-n_astronautgrab2019spaceshoes",
      "eye-n_costumepartyllludcgrabone2024jbrionneeye",
      "freckle-n_registrationavatars2023contour",
      "hat-n_astronautgrab2019nasahelmet_3"
    ]
  },
  "44318358-0f9c-46ff-b166-cf66aada4b8f": {
    "id": "44318358-0f9c-46ff-b166-cf66aada4b8f",
    "name": "لبسه 2017",
    "description": "المصمم : عبدالله",
    "outfit": [
      {
        "id": "body-flesh",
        "type": "clothing",
        "amount": 1
      },
      {
        "id": "hair_front-m_06",
        "type": "clothing",
        "amount": 1
      },
      {
        "id": "hair_back-n_spacerunnerup19moonhair",
        "type": "clothing",
        "amount": 1
      },
      {
        "id": "nose-n_01",
        "type": "clothing",
        "amount": 1
      },
      {
        "id": "eyebrow-n_dailyquest2024cutbrows",
        "type": "clothing",
        "amount": 1
      },
      {
        "id": "mouth-f_01",
        "type": "clothing",
        "amount": 1
      },
      {
        "id": "face_hair-n_newbasicfacehairupper14",
        "type": "clothing",
        "amount": 1
      },
      {
        "id": "shirt-n_2016newyearcoat",
        "type": "clothing",
        "amount": 1
      },
      {
        "id": "pants-n_2016newyearpants",
        "type": "clothing",
        "amount": 1
      },
      {
        "id": "shoes-n_2016newyearboots",
        "type": "clothing",
        "amount": 1
      },
      {
        "id": "eye-n_costumepartyllludcgrabone2024jbrionneeye",
        "type": "clothing",
        "amount": 1
      },
      {
        "id": "freckle-n_registrationavatars2023contour",
        "type": "clothing",
        "amount": 1
      },
      {
        "id": "bag-n_emeralddaily2020thekitty",
        "type": "clothing",
        "amount": 1
      },
      {
        "id": "hat-n_2016newyeartophat_1",
        "type": "clothing",
        "amount": 1
      }
    ],
    "saved_at": "2025-06-27T21:37:58.745254",
    "total_items": 14,
    "items_list": [
      "body-flesh",
      "hair_front-m_06",
      "hair_back-n_spacerunnerup19moonhair",
      "nose-n_01",
      "eyebrow-n_dailyquest2024cutbrows",
      "mouth-f_01",
      "face_hair-n_newbasicfacehairupper14",
      "shirt-n_2016newyearcoat",
      "pants-n_2016newyearpants",
      "shoes-n_2016newyearboots",
      "eye-n_costumepartyllludcgrabone2024jbrionneeye",
      "freckle-n_registrationavatars2023contour",
      "bag-n_emeralddaily2020thekitty",
      "hat-n_2016newyeartophat_1"
    ]
  },
  "6ab752b7-9a8a-4658-b1de-5dfbd6c012e0": {
    "id": "6ab752b7-9a8a-4658-b1de-5dfbd6c012e0",
    "name": "موظفة في قسم الحب",
    "description": "المصممة : مريم",
    "outfit": [
      {
        "id": "body-flesh",
        "type": "clothing",
        "amount": 1
      },
      {
        "id": "hair_front-n_octhrsupport2024halfgrabshort",
        "type": "clothing",
        "amount": 1
      },
      {
        "id": "hair_back-n_octhrsupport2024halfgrabshort",
        "type": "clothing",
        "amount": 1
      },
      {
        "id": "nose-n_octhrsupport2024blushednose",
        "type": "clothing",
        "amount": 1
      },
      {
        "id": "eyebrow-n_octhrsupport2024brashedbrows",
        "type": "clothing",
        "amount": 1
      },
      {
        "id": "mouth-n_octhrsupport2024sweetlips",
        "type": "clothing",
        "amount": 1
      },
      {
        "id": "shirt-n_octhrsupport2024pinkshirtnskirt",
        "type": "clothing",
        "amount": 1
      },
      {
        "id": "pants-n_junepicnicskypassudc2023picnicshorts",
        "type": "clothing",
        "amount": 1
      },
      {
        "id": "shoes-n_octhrsupport2024pinkplatformwhitepantys",
        "type": "clothing",
        "amount": 1
      },
      {
        "id": "eye-n_octhrsupport2024almond",
        "type": "clothing",
        "amount": 1
      },
      {
        "id": "freckle-n_registrationavatars2023contour",
        "type": "clothing",
        "amount": 1
      },
      {
        "id": "bag-n_emeralddaily2020thekitty",
        "type": "clothing",
        "amount": 1
      },
      {
        "id": "hat-n_octhrsupport2024pinkcap",
        "type": "clothing",
        "amount": 1
      }
    ],
    "saved_at": "2025-06-28T17:40:11.206557",
    "total_items": 13,
    "items_list": [
      "body-flesh",
      "hair_front-n_octhrsupport2024halfgrabshort",
      "hair_back-n_octhrsupport2024halfgrabshort",
      "nose-n_octhrsupport2024blushednose",
      "eyebrow-n_octhrsupport2024brashedbrows",
      "mouth-n_octhrsupport2024sweetlips",
      "shirt-n_octhrsupport2024pinkshirtnskirt",
      "pants-n_junepicnicskypassudc2023picnicshorts",
      "shoes-n_octhrsupport2024pinkplatformwhitepantys",
      "eye-n_octhrsupport2024almond",
      "freckle-n_registrationavatars2023contour",
      "bag-n_emeralddaily2020thekitty",
      "hat-n_octhrsupport2024pinkcap"
    ]
  },
  "5ddb760a-cc06-48b4-aac4-c82b3a71f389": {
    "id": "5ddb760a-cc06-48b4-aac4-c82b3a71f389",
    "name": "الموميا",
    "description": "المصمم : علاء",
    "outfit": [
      {
        "id": "body-flesh",
        "type": "clothing",
        "amount": 1
      },
      {
        "id": "hair_front-n_octhrsupport2024halfgrabshort",
        "type": "clothing",
        "amount": 1
      },
      {
        "id": "hair_back-n_octhrsupport2024halfgrabshort",
        "type": "clothing",
        "amount": 1
      },
      {
        "id": "nose-n_octhrsupport2024blushednose",
        "type": "clothing",
        "amount": 1
      },
      {
        "id": "eyebrow-n_octhrsupport2024brashedbrows",
        "type": "clothing",
        "amount": 1
      },
      {
        "id": "mouth-n_octhrsupport2024sweetlips",
        "type": "clothing",
        "amount": 1
      },
      {
        "id": "shirt-n_mummyjacket",
        "type": "clothing",
        "amount": 1
      },
      {
        "id": "pants-n_mummypants",
        "type": "clothing",
        "amount": 1
      },
      {
        "id": "shoes-n_mummyslippers",
        "type": "clothing",
        "amount": 1
      },
      {
        "id": "eye-n_octhrsupport2024almond",
        "type": "clothing",
        "amount": 1
      },
      {
        "id": "freckle-n_registrationavatars2023contour",
        "type": "clothing",
        "amount": 1
      },
      {
        "id": "handbag-n_mummyplush",
        "type": "clothing",
        "amount": 1
      },
      {
        "id": "hat-n_mummyhat_3",
        "type": "clothing",
        "amount": 1
      }
    ],
    "saved_at": "2025-06-28T17:58:01.737923",
    "total_items": 13,
    "items_list": [
      "body-flesh",
      "hair_front-n_octhrsupport2024halfgrabshort",
      "hair_back-n_octhrsupport2024halfgrabshort",
      "nose-n_octhrsupport2024blushednose",
      "eyebrow-n_octhrsupport2024brashedbrows",
      "mouth-n_octhrsupport2024sweetlips",
      "shirt-n_mummyjacket",
      "pants-n_mummypants",
      "shoes-n_mummyslippers",
      "eye-n_octhrsupport2024almond",
      "freckle-n_registrationavatars2023contour",
      "handbag-n_mummyplush",
      "hat-n_mummyhat_3"
    ]
  }
}