{
  "657a06ae5f8a5ec3ff16ec1b": {
    "username": "NVuM_1",
    "first_seen": "2025-06-01T19:40:30.314031",
    "last_seen": "2025-06-17T20:38:14.640018",
    "visit_count": 54,
    "user_type": "moderator_designer",
    "is_active": true
  },
  "68600dceead06d8cd561ee86": {
    "username": "Abu_Nasser_711",
    "joined_at": "2025-06-28T15:45:06.180789",
    "last_seen": "2025-06-28T17:44:50.235633",
    "user_type": "moderator_designer",
    "is_active": true
  },
  "65d0ac73835ff62cd0c3a9fb": {
    "username": "Rosas97",
    "joined_at": "2025-06-28T16:19:48.957680",
    "last_seen": "2025-06-28T16:56:33.053067",
    "user_type": "moderator_designer",
    "is_active": true
  },
  "68400f0c2fecbaf7a24d1ff0": {
    "username": "Abo_fla1",
    "joined_at": "2025-06-28T16:32:58.527208",
    "last_seen": "2025-06-28T18:15:40.487743",
    "user_type": "moderator",
    "is_active": true
  },
  "683ed3210b5e62b4e5a96edb": {
    "username": "WreckageDemitasse",
    "joined_at": "2025-06-28T16:39:15.194974",
    "last_seen": "2025-06-28T18:18:58.352239",
    "user_type": "visitor",
    "is_active": true
  },
  "630f952a6c958524261dd130": {
    "username": "VECTOR000",
    "joined_at": "2025-06-28T16:52:52.703544",
    "last_seen": "2025-06-28T18:11:48.611397",
    "user_type": "bot_developer",
    "is_active": true
  },
  "67d854b05c126220ddfb35ab": {
    "username": "ramigamer0",
    "joined_at": "2025-06-28T17:13:38.474545",
    "last_seen": "2025-06-28T18:02:06.940523",
    "user_type": "moderator",
    "is_active": true
  },
  "676af79b646378bdd015195e": {
    "username": "R.4l8",
    "joined_at": "2025-06-28T17:35:19.752119",
    "last_seen": "2025-06-28T18:00:00.900106",
    "user_type": "moderator",
    "is_active": true
  },
  "681775ae717d163fcb9e3b77": {
    "username": "L_L42",
    "joined_at": "2025-06-28T17:47:29.966318",
    "last_seen": "2025-06-28T17:50:50.606700",
    "user_type": "visitor",
    "is_active": true
  },
  "68602a7ce000710ac5589b47": {
    "username": "LANA_o3",
    "joined_at": "2025-06-28T17:49:40.875922",
    "last_seen": "2025-06-28T17:49:40.875922",
    "user_type": "visitor",
    "is_active": true
  },
  "652e610b4b6f924812f42686": {
    "username": "noo55d",
    "joined_at": "2025-06-28T18:06:44.871464",
    "last_seen": "2025-06-28T18:06:44.871464",
    "user_type": "visitor",
    "is_active": true
  },
  "683ed25929758027e6954a8e": {
    "username": "mariam9901",
    "joined_at": "2025-06-28T18:07:43.286731",
    "last_seen": "2025-06-28T18:07:43.286731",
    "user_type": "visitor",
    "is_active": true
  },
  "683c8401d0ca401b65666730": {
    "username": "samy_115",
    "joined_at": "2025-06-28T18:08:35.828536",
    "last_seen": "2025-06-28T18:08:35.828536",
    "user_type": "visitor",
    "is_active": true
  },
  "67e76cb0bbd01b251a4d5d12": {
    "username": "motaz_13",
    "joined_at": "2025-06-28T18:09:08.277379",
    "last_seen": "2025-06-28T23:01:01.722201",
    "user_type": "visitor",
    "is_active": true
  },
  "68121e4acd49278e2a23a0ba": {
    "username": "LNA_4",
    "joined_at": "2025-06-28T18:09:35.612335",
    "last_seen": "2025-06-28T18:09:35.612335",
    "user_type": "moderator",
    "is_active": true
  },
  "65ff8daeaf5398a1a009b96f": {
    "username": "MALA__K123",
    "joined_at": "2025-06-28T18:09:56.905151",
    "last_seen": "2025-06-28T18:09:56.905151",
    "user_type": "visitor",
    "is_active": true
  },
  "6815c7129681e46caa8dcbe2": {
    "username": "Serro20",
    "joined_at": "2025-06-28T18:10:17.514618",
    "last_seen": "2025-06-28T18:10:17.514618",
    "user_type": "moderator",
    "is_active": true
  },
  "67fa30fea5375d346a807036": {
    "username": "BESHIR_______BSR",
    "joined_at": "2025-06-28T18:16:32.676726",
    "last_seen": "2025-06-28T18:16:32.676726",
    "user_type": "moderator_designer",
    "is_active": true
  },
  "682bc2bc9fb4dce9e7cd4bd1": {
    "username": "ASDFGH2025",
    "joined_at": "2025-06-28T18:20:11.110023",
    "last_seen": "2025-06-28T18:20:11.110023",
    "user_type": "moderator",
    "is_active": true
  },
  "64c91428c5f84b415cb9e29d": {
    "username": "maykle56",
    "joined_at": "2025-06-28T22:53:07.025004",
    "last_seen": "2025-06-28T22:53:07.025004",
    "user_type": "visitor",
    "is_active": true
  },
  "6843dcd3d638c0257d83803a": {
    "username": "rawan_8905",
    "joined_at": "2025-06-28T23:02:38.316937",
    "last_seen": "2025-06-28T23:02:38.316937",
    "user_type": "visitor",
    "is_active": true
  }
}